﻿,회사명,날짜,언론사,기사제목,링크,본문
0,셀트리온, 2017-01-2221:50,연합뉴스 ,'트럼프 리스크'에 또 개미만 죽쒔다(종합),https://finance.naver.com/news/news_read.nhn?article_id=0008979158&office_id=001&mode=search&query=셀트리온&page=1,"['       \'트럼프 리스크\'에 또 개미만 죽쒔다(종합)      기사입력2017-01-22 21:50기사원문좋아요훈훈해요좋아요 평가하기공감좋아요0훈훈해요0슬퍼요0화나요0후속기사 원해요0댓글트럼프 당선 후 개인 순매수 상위 10종목 평균 9% 하락기관 수익률 15% \'압승\', 외인은 8% \'선방\'자료사진(서울=연합뉴스) 고상민 기자 = 국내 주식시장에서 \'개미\'(개인투자자)들이 고전을 면치 못하고 있다. 개미들이 도널드 트럼프 미국 대통령 당선 직후부터 취임 때까지 집중적으로 사들인 종목들은 주가가 죄다 하락한 것으로 나타났다.     최근 코스피가 2,090선을 넘어서는 등 상승 흐름을 탔지만, 개미들이 장바구니에 담은 종목들의 수익률은 저조했다.     트럼프 당선 이후 대내외 불확실성이 고조된 상황에서 갈피를 잡지 못했기 때문이다. 단기 수익 전략에 골몰했던 것도 패인으로 분석됐다.     기관과 외국인들은 개인들과는 다르게 짭짤한 재미를 봤다.    이들은 반도체·철강·화학·은행 등 업황 호조가 전망되는 종목들을 골고루 쓸어 담았다. 그 덕분에 연말·연초 효과를 제대로 누렸다.    22일 금융정보업체 에프앤가이드에 따르면 트럼프 미국 대통령이 당선된 지난해 11월 9일부터 이번 달 19일까지 개인의 순매수액 상위 10종목의 평균 수익률은 -9.12%로 집계됐다.    수익률이 가장 저조한 투자종목은 지난해 9~10월 \'늑장공시\' 논란에 휩싸였던 한미약품(-18.16%)이었다.    개인 투자자들은 한미약품을 1천208억원어치 순매수했다. 이는 10개 종목 중 4번째 규모였다.    개미들은 늑장공시 파문에 주가가 수직 낙하하자 반등을 노리고 대거 \'사자\'에 나섰다. 이게 더 큰 화근을 낳았다. 글로벌 제약사와 맺은 기술계약이 또 한 번 해지되는 등 악재까지 겹치는 비운(?)까지 겪어야 했다.[표] 트럼프 당선 이후 개인 순매수액 상위 5종목 수익률개인이 가장 많이 사들인 종목은 삼성물산(4천348억원)이었다. 이 종목 주가도 14.19%나 하락했다.      삼성전자의 지주회사 전환에 대한 막연한 기대감에 개미들은 삼성물산에 뭉칫돈을 쏟아부었지만, 기관이 3천790억원어치(기관 순매도액 2위)나 팔아치우며 주가 하락을 이끄는 바람에 손실을 봤다.    순매수액 2, 3위는 한국전력(-5.76%)과 KT(-8.21%)였다. 이 기간 9% 넘게 빠진 한화테크윈은 5위에 올랐다.    개인 순매수 상위 10개 종목 중 유일하게 셀트리온(9위)만이 수익을 냈는데 수익률은 3.39%에 그쳤다.    이에 반해 기관은 순매수액 상위 10종목 모두 주가가 올라 대조적인 모습을 보였다.     이들 종목의 평균 수익률은 15.33%로 10%가 넘는 종목만 절반에 달했다.    순매수액 1위는 SK하이닉스(3천387억원)로 이 기간 주가는 25.09% 뛰었다.     SK하이닉스는 반도체 업황 호조 전망에 연말부터 상승 탄력이 붙어 새해 들어 1년7개월만에 5만원대를 찍었다.     2, 3위 종목은 한국항공우주(2천351억원)과 LG화학(1천780억원)으로 각각 4.53%, 11.78% 올랐다.[표] 트럼프 당선 이후 기관 순매수액 상위 5종목 수익률외국인이 집중적으로 순매수한 종목 중에는 아모레퍼시픽을 제외한 9개 종목이 올랐다.    외국인의 순매수액 1위 종목은 POSCO로 철강산업에 대한 긍정적 전망에 힘입어 주가는 트럼프 당선 이후 20.09% 상승했다.     금리 인상 기대감에 은행 대표주인 신한지주(3천670억원·2위)를 대거 사들인 것도 꽤 짭짤했다. 이 기간 신한지주는 10.45%나 오르며 코스피 시가총액 10위(삼성전자우 제외)로 뛰어올랐다.    중국발 고고도미사일방어체계(사드·THAAD) 우려로 직격탄을 맞은 아모레퍼시픽은 14.09% 내렸다.         gorious@yna.co.kr #흥 먹고 입고 꾸미고(클릭하면 hot hot!)연합뉴스 관련뉴스해당 언론사에서 선정하며 언론사 페이지(아웃링크)로 이동해 볼 수 있습니다.노후 지하철은 달리는 폭탄?…28년 된 \'잠실 사고 전동차\'류수영-박하선 백년가약 맺었다…사회 조승우·축가 손진영신혼부부 비-김태희, 발리로 허니문…""행복하게 살게요""\'스까요정\' 김경진, 조윤선에 ""이쁜 여동생 같은…"" 표현 논란[트렌드 지금 여기] 일본 우동 3면3색좋아요0훈훈해요0슬퍼요0화나요0후속기사 원해요0기사제공 :']"
1,셀트리온, 2017-01-2213:22,이데일리 ,[마켓포인트]코스닥 주간 외국인 순매도 1위 '셀트리온',https://finance.naver.com/news/news_read.nhn?article_id=0003732650&office_id=018&mode=search&query=셀트리온&page=1,"[""       [마켓포인트]코스닥 주간 외국인 순매도 1위 '셀트리온'      기사입력2017-01-22 13:22기사원문좋아요훈훈해요좋아요 평가하기공감좋아요0훈훈해요0슬퍼요0화나요0후속기사 원해요0댓글 [이데일리 박형수 기자] 화면번호:2671박형수 (parkhs@edaily.co.kr)＜ⓒ종합 경제정보 미디어 이데일리 - 무단전재 & 재배포 금지＞이데일리 관련뉴스해당 언론사에서 선정하며 언론사 페이지(아웃링크)로 이동해 볼 수 있습니다.차기 우리은행장 '깐깐한 면접'…치열한 비전 싸움'트럼프 사위' 쿠슈너 백악관 선임자문역에…美법무부 법위반 아냐꿈에 그리던 경찰 포기한 얼짱女, 피트니스 모델로 새 인생 출발'미녀와 야수' 팬 여친에게 남친이 선사한 로맨틱 프러포즈는?'우루과이 카니발' 참석한 여성들의 숨기지 못한 볼륨감좋아요0훈훈해요0슬퍼요0화나요0후속기사 원해요0기사제공 :""]"
2,셀트리온, 2017-01-2213:22,이데일리 ,[마켓포인트]코스닥 주간 개인 순매수 1위 '셀트리온',https://finance.naver.com/news/news_read.nhn?article_id=0003732653&office_id=018&mode=search&query=셀트리온&page=1,"[""       [마켓포인트]코스닥 주간 개인 순매수 1위 '셀트리온'      기사입력2017-01-22 13:22기사원문좋아요훈훈해요좋아요 평가하기공감좋아요0훈훈해요0슬퍼요0화나요0후속기사 원해요0댓글 [이데일리 박형수 기자]화면번호:2671박형수 (parkhs@edaily.co.kr)＜ⓒ종합 경제정보 미디어 이데일리 - 무단전재 & 재배포 금지＞이데일리 관련뉴스해당 언론사에서 선정하며 언론사 페이지(아웃링크)로 이동해 볼 수 있습니다.차기 우리은행장 '깐깐한 면접'…치열한 비전 싸움'트럼프 사위' 쿠슈너 백악관 선임자문역에…美법무부 법위반 아냐꿈에 그리던 경찰 포기한 얼짱女, 피트니스 모델로 새 인생 출발'미녀와 야수' 팬 여친에게 남친이 선사한 로맨틱 프러포즈는?'우루과이 카니발' 참석한 여성들의 숨기지 못한 볼륨감좋아요0훈훈해요0슬퍼요0화나요0후속기사 원해요0기사제공 :""]"
3,셀트리온, 2017-01-2210:05,MBN ,'트럼프 리스크'에 갈팡질팡…트럼프 당선 후 개인 순매수 상위 10종목 평균 9%...,https://finance.naver.com/news/news_read.nhn?article_id=0001077709&office_id=057&mode=search&query=셀트리온&page=1,"['       \'트럼프 리스크\'에 갈팡질팡…트럼프 당선 후 개인 순매수 상위 10종목 평균 9% 하락      기사입력2017-01-22 10:05기사원문좋아요훈훈해요좋아요 평가하기공감좋아요0훈훈해요0슬퍼요0화나요0후속기사 원해요0댓글 \'트럼프 리스크\'에 갈팡질팡…트럼프 당선 후 개인 순매수 상위 10종목 평균 9% 하락사진=연합뉴스도널드 트럼프 미국 대통령 당선 직후부터 취임 때까지 국내 주식시장에서 \'개미\'(개인투자자)들이 집중적으로 사들인 종목들은 주가가 죄다 하락한 것으로 나타났습니다.개미들이 장바구니에 담은 종목들은 최근 코스피가 박스권 상단에 치닫는 와중에도 수익률이 저조한 모습을 보였습니다.트럼프 당선 이후 대내외 불확실성이 고조된 상황에서 갈피를 잡지 못하고 단기 수익 전략에 골몰했던 것이 요인으로 분석됩니다.반면 기관과 외국인들은 반도체·철강·화학·은행 등 업황 호조가 전망되는 종목들을 골고루 쓸어 담으며 연말·연초 효과를 제대로 누렸습니다.22일 금융정보업체 에프앤가이드에 따르면 트럼프 미국 대통령이 당선된 지난해 11월 9일부터 이번 달 19일까지 개인의 순매수액 상위 10종목의 평균 수익률은 -9.12%로 집계됐습니다.수익률이 가장 저조한 건 지난해 9~10월 \'늑장공시\' 논란에 휩싸였던 한미약품(-18.16%)이었습니다.개인 투자자들은 한미약품을 1천208억원어치 순매수했는데 이는 10개 종목 중 4번째 규모였습니다.늑장공시 파문에 주가가 수직 낙하하자 반등을 노리고 대거 \'사자\'에 나섰지만, 글로벌 제약사와 맺은 기술계약이 또 한 번 해지되는 등 악재가 끊이지 않은 게 요인이 됐습니다.개인이 가장 많이 사들인 종목은 삼성물산(4천348억원)인데 주가가 14.19% 하락했습니다.삼성전자의 지주회사 전환에 대한 막연한 기대감에 개미들은 삼성물산에 뭉칫돈을 쏟아부었지만, 기관이 3천790억원어치(기관 순매도액 2위)나 팔아치우며 주가 하락을 이끄는 바람에 손실을 봤습니다.순매수액 2, 3위는 한국전력(-5.76%)과 KT(-8.21%)였다. 이 기간 9% 넘게 빠진 한화테크윈은 5위에 올랐습니다.개인 순매수 상위 10개 종목 중 유일하게 셀트리온(9위)만이 수익을 냈는데 수익률은 3.39%에 그쳤습니다.이에 반해 기관은 순매수액 상위 10종목 모두 주가가 올라 대조적인 모습을 보였습니다.이들 종목의 평균 수익률은 15.33%로 10%가 넘는 종목만 절반에 달했습니다.순매수액 1위는 SK하이닉스(3천387억원)로 이 기간 주가는 25.09% 뛰었습니다.SK하이닉스는 반도체 업황 호조 전망에 연말부터 상승 탄력이 붙어 새해 들어 1년7개월만에 5만원대를 찍었습니다.2, 3위 종목은 한국항공우주(2천351억원)과 LG화학(1천780억원)으로 각각 4.53%, 11.78% 올랐습니다.외국인이 집중적으로 순매수한 종목 중에는 아모레퍼시픽을 제외한 9개 종목이 올랐습니다.외국인의 순매수액 1위 종목은 POSCO로 철강산업에 대한 긍정적 전망에 힘입어 주가는 트럼프 당선 이후 20.09% 상승했습니다.금리 인상 기대감에 은행 대표주인 신한지주(3천670억원·2위)를 대거 사들인 것도 꽤 짭짤했습니다. 이 기간 신한지주는 10.45%나 오르며 코스피 시가총액 10위(삼성전자 제외)로 뛰어올랐습니다.중국발 고고도미사일방어체계(사드·THAAD) 우려로 직격탄을 맞은 아모레퍼시픽은 14.09% 내렸습니다.[MBN 뉴스센터 / mbnreporter01@mbn.co.kr]< Copyright ⓒ MBN(www.mbn.co.kr) 무단전재 및 재배포 금지 >MBN 관련뉴스해당 언론사에서 선정하며 언론사 페이지(아웃링크)로 이동해 볼 수 있습니다.""우리 사귀는 사이잖아"" 섬뜩한 사장님의 착각!트럼프 취임식 시위, 물대포에 \'아수라장\'쇠를 먹는 나무? …\'이럴수가!\'점심시간에 성관계 도중 남편한테 걸린 공무원\'욕설 논란\' 서인영, 결국 SNS 계정 삭제좋아요0훈훈해요0슬퍼요0화나요0후속기사 원해요0기사제공 :']"
4,셀트리온, 2017-01-2206:01,연합뉴스 ,'트럼프 리스크'에 갈팡질팡…또 개미만 죽쒔다,https://finance.naver.com/news/news_read.nhn?article_id=0008977521&office_id=001&mode=search&query=셀트리온&page=1,"['       \'트럼프 리스크\'에 갈팡질팡…또 개미만 죽쒔다      기사입력2017-01-22 06:01기사원문좋아요훈훈해요좋아요 평가하기공감좋아요0훈훈해요0슬퍼요0화나요0후속기사 원해요0댓글트럼프 당선 후 개인 순매수 상위 10종목 평균 9% 하락기관 수익률 15% \'압승\', 외인은 8% \'선방\'자료사진(서울=연합뉴스) 고상민 기자 = 도널드 트럼프 미국 대통령 당선 직후부터 취임 때까지 국내 주식시장에서 \'개미\'(개인투자자)들이 집중적으로 사들인 종목들은 주가가 죄다 하락한 것으로 나타났다.     개미들이 장바구니에 담은 종목들은 최근 코스피가 박스권 상단에 치닫는 와중에도 수익률이 저조한 모습을 보였다.     트럼프 당선 이후 대내외 불확실성이 고조된 상황에서 갈피를 잡지 못하고 단기 수익 전략에 골몰했던 것이 요인으로 분석된다.     반면 기관과 외국인들은 반도체·철강·화학·은행 등 업황 호조가 전망되는 종목들을 골고루 쓸어 담으며 연말·연초 효과를 제대로 누렸다.    22일 금융정보업체 에프앤가이드에 따르면 트럼프 미국 대통령이 당선된 지난해 11월 9일부터 이번 달 19일까지 개인의 순매수액 상위 10종목의 평균 수익률은 -9.12%로 집계됐다.        수익률이 가장 저조한 건 지난해 9~10월 \'늑장공시\' 논란에 휩싸였던 한미약품(-18.16%)이었다.    개인 투자자들은 한미약품을 1천208억원어치 순매수했는데 이는 10개 종목 중 4번째 규모였다.    늑장공시 파문에 주가가 수직 낙하하자 반등을 노리고 대거 \'사자\'에 나섰지만, 글로벌 제약사와 맺은 기술계약이 또 한 번 해지되는 등 악재가 끊이지 않은 게 요인이 됐다.  [표] 트럼프 당선 이후 개인 순매수액 상위 5종목 수익률개인이 가장 많이 사들인 종목은 삼성물산(4천348억원)인데 주가가 14.19% 하락했다.      삼성전자의 지주회사 전환에 대한 막연한 기대감에 개미들은 삼성물산에 뭉칫돈을 쏟아부었지만, 기관이 3천790억원어치(기관 순매도액 2위)나 팔아치우며 주가 하락을 이끄는 바람에 손실을 봤다.    순매수액 2, 3위는 한국전력(-5.76%)과 KT(-8.21%)였다. 이 기간 9% 넘게 빠진 한화테크윈은 5위에 올랐다.    개인 순매수 상위 10개 종목 중 유일하게 셀트리온(9위)만이 수익을 냈는데 수익률은 3.39%에 그쳤다.    이에 반해 기관은 순매수액 상위 10종목 모두 주가가 올라 대조적인 모습을 보였다.     이들 종목의 평균 수익률은 15.33%로 10%가 넘는 종목만 절반에 달했다.    순매수액 1위는 SK하이닉스(3천387억원)로 이 기간 주가는 25.09% 뛰었다.     SK하이닉스는 반도체 업황 호조 전망에 연말부터 상승 탄력이 붙어 새해 들어 1년7개월만에 5만원대를 찍었다.     2, 3위 종목은 한국항공우주(2천351억원)과 LG화학(1천780억원)으로 각각 4.53%, 11.78% 올랐다.[표] 트럼프 당선 이후 기관 순매수액 상위 5종목 수익률외국인이 집중적으로 순매수한 종목 중에는 아모레퍼시픽을 제외한 9개 종목이 올랐다.    외국인의 순매수액 1위 종목은 POSCO로 철강산업에 대한 긍정적 전망에 힘입어 주가는 트럼프 당선 이후 20.09% 상승했다.     금리 인상 기대감에 은행 대표주인 신한지주(3천670억원·2위)를 대거 사들인 것도 꽤 짭짤했다. 이 기간 신한지주는 10.45%나 오르며 코스피 시가총액 10위(삼성전자우 제외)로 뛰어올랐다.    중국발 고고도미사일방어체계(사드·THAAD) 우려로 직격탄을 맞은 아모레퍼시픽은 14.09% 내렸다.         gorious@yna.co.kr #흥 먹고 입고 꾸미고(클릭하면 hot hot!)연합뉴스 관련뉴스해당 언론사에서 선정하며 언론사 페이지(아웃링크)로 이동해 볼 수 있습니다.김제동 ""대한민국 이끈 5천만 국민, 자랑스럽다""문창극 ""朴대통령은 대한민국으로 시집온 며느리""""내가 남친 아냐?"" 호프집 사장이 여직원 감금하고 성폭행\'아무나 가질수 없는 그들만의…\' 지드래곤도 자랑하는 VVIP카드[토픽영상] 태국 시골마을, 홍수 덕에 \'금맥\' 터졌다좋아요0훈훈해요0슬퍼요0화나요0후속기사 원해요0기사제공 :']"
