﻿,회사명,날짜,언론사,기사제목,링크,본문
0,셀트리온, 2017-06-2519:20,한국경제 ,"삼성, 바이오시밀러 '세번째 홈런'칠 준비",https://finance.naver.com/news/news_read.nhn?article_id=0003786818&office_id=015&mode=search&query=셀트리온&page=1,"[""       삼성, 바이오시밀러 '세번째 홈런'칠 준비      기사입력2017-06-25 19:20기사원문좋아요훈훈해요좋아요 평가하기공감좋아요0훈훈해요0슬퍼요0화나요0후속기사 원해요0댓글바이오에피스의 류머티즘관절염 치료제 임랄디, 사실상 유럽 판매 허가유럽 약물사용자문위 '긍정 의견'…내년 10월께 시중에서 팔릴 듯설립 5년 된 후발주자지만 속도전으로 시장 승기 잡아 6개 신약후보물질 확보 '급성장'[ 김근희 기자  ] 삼성바이오에피스가 류머티즘관절염 치료제 바이오시밀러(항체의약품 복제약) ‘임랄디’(프로젝트명 SB5)의 유럽 판매 허가를 사실상 획득했다. 유럽에서 판매 중인 베네팔리, 플릭사비에 이은 세 번째 성과다. 세계 바이오시밀러 개발 업체 중 항체의약품 바이오시밀러 제품 3개를 허가받은 곳은 삼성바이오에피스가 유일하다. 설립 5년 만에 선발업체 셀트리온과 다국적제약사 산도즈 등을 추월하면서 바이오시밀러 시장의 선도자(퍼스트 무버)가 됐다는 평가가 나온다. 고한승 삼성바이오에피스 사장(사진)은 “특유의 속도전과 기술력의 성과”라고 말했다.◆폭풍 질주하는 삼성바이오에피스삼성바이오에피스는 지난 23일 유럽의약품청(EMA) 약물사용자문위원회(CHMP)로부터 류머티즘관절염 치료제인 임랄디 판매 허가에 대해 ‘긍정 의견’을 받았다.임랄디의 원조의약품은 미국 제약사 애브비의 류머티즘관절염 치료제 ‘휴미라’다. 지난해에만 매출 18조원을 올린 세계 판매 1위 바이오 의약품이다. 일반적으로 CHMP에서 긍정의견을 받으면 2~3개월 안에 최종 판매 허가가 나온다. 제품 판매는 휴미라의 물질특허가 만료되는 내년 10월 이후가 될 것으로 보인다. 휴미라 바이오시밀러로 유럽 허가를 받는 것은 암젠의 ‘암제비타’에 이어 두 번째다.삼성바이오에피스는 세계 최초로 3개의 바이오시밀러 판매 허가를 받는 제약사가 된다. 이 회사는 류머티즘관절염 치료 바이오시밀러인 ‘베네팔리’와 ‘플릭사비’를 이미 유럽에서 판매 중이다. 경쟁회사 산도즈와 셀트리온이 허가받은 바이오시밀러는 각각 2개뿐이다. 2012년 설립된 삼성바이오에피스는 후발주자인데도 6개 파이프라인을 확보했다.◆동시다발 전략 통했다이번 성과는 ‘동시다발 전략’이 빛을 발한 것이라는 분석이 나온다. 삼성바이오에피스는 설립 초기부터 세계에서 가장 많이 팔리는 바이오 의약품을 동시에 개발하는 전략을 폈다. 경쟁사처럼 순차적으로 바이오 의약품을 개발해서는 시장을 선점할 수 없다는 판단에서였다. 덕분에 연구개발(R&D)을 시작한 지 4년 만인 지난해 1월 유럽에서 베네팔리 판매 허가를 받았고, 4개월 뒤엔 두 번째 제품인 플릭사비도 판매 허가를 획득했다. 이 회사는 올해 안에 네 번째 바이오시밀러 판매허가도 기대하고 있다. 현재 EMA가 이 회사의 유방암 치료제 바이오시밀러 ‘SB3’의 판매 허가 절차를 밟고 있다.프로세스 혁신도 한몫했다. 이 회사는 단기간에 바이오시밀러 판매 허가를 받기 위해 초기부터 허가에 걸리는 시간을 단축할 수 있는 전략을 폈다. 임상시험은 미국과 유럽 허가당국의 기준을 동시에 충족하도록 설계했다. 판매승인을 신청하면서 동시에 예상되는 추가 자료와 답변을 미리 준비해 시간을 단축했다.고 사장은 “통상 1년6개월 이상 걸리는 제품 판매 승인 기간을 4~5개월 당겼다”고 설명했다.◆세계 바이오시밀러 시장 한국 주도세계 바이오시밀러 시장 전망은 밝다. 시장 규모가 2015년 50억달러에서 2019년 239억달러로 커질 전망이다. 미국 유럽 등 선진국이 보험재정 부담을 줄이기 위해 바이오시밀러 확대정책을 펴고 있어서다. 시장이 커지자 암젠, 화이자 등 다국적 제약사들도 바이오시밀러 개발에 뛰어들고 있다.바이오시밀러 선두주자는 삼성바이오에피스와 셀트리온 등 한국 기업이다. 삼성바이오에피스가 개발과 허가에 속도를 내고 있고 셀트리온은 유럽과 미국에서 성과를 내고 있다. 지난해 셀트리온의 램시마는 유럽에서 40%의 시장 점유율을 기록했다.주광수 한국바이오의약품협회 대표는 “한국 기업들이 바이오시밀러 시장 주도권을 더 강화할 수 있도록 해외 임상시험 지원 등의 대책이 필요하다”고 했다.김근희 기자 tkfcka7@hankyung.com[한경닷컴 바로가기] [글방] [모바일한경 구독신청] ⓒ 한국경제 & hankyung.com, 무단전재 및 재배포 금지한국경제 관련뉴스해당 언론사에서 선정하며 언론사 페이지(아웃링크)로 이동해 볼 수 있습니다.삼성 프레임TV로 허영만 작품 감상삼성, 웨어러블 매출 세계 2위…핏비트 처음 제쳤다1800원 모자라 콜라 훔친 연평해전 용사…결국QM3 타보니…300km 달리는 동안 가장 좋았던 것은취준생 김모씨, '수학의 정석' 다시 꺼내든 까닭은좋아요0훈훈해요0슬퍼요0화나요0후속기사 원해요0기사제공 :""]"
1,셀트리온, 2017-06-2517:15,매일경제 ,"유망 바이오기업, 하반기 줄줄이 IPO 대기",https://finance.naver.com/news/news_read.nhn?article_id=0003966956&office_id=009&mode=search&query=셀트리온&page=1,"['       유망 바이오기업, 하반기 줄줄이 IPO 대기      기사입력2017-06-25 17:15기사원문좋아요훈훈해요좋아요 평가하기공감좋아요0훈훈해요0슬퍼요0화나요0후속기사 원해요0댓글셀트리온헬스케어·티슈진 등…R&D자금 수 조원 조달 준비셀트리온헬스케어·CJ헬스케어·티슈진 등 유망 바이오 기업들이 줄줄이 기업공개(IPO)를 통해 하반기 증시 입성을 노리고 있어 주목된다. 이들 기업은 최근 신약 개발·출시로 국내외 시장에서 실적 개선이 기대되며 상장을 통해 조달한 수조 원대 자금은 향후 연구개발(R&D)을 비롯한 신규 투자에 투입할 계획이다. 25일 제약·바이오업계에 따르면 셀트리온헬스케어는 다음달 13~14일 기관투자가 대상 수요예측을 거쳐 이르면 다음달 28일 코스닥시장에 상장된다. 이를 위해 다음달 3일부터 약 2주간 미국 뉴욕 홍콩 등 해외에서 로드쇼를 개최하며 서정진 셀트리온 회장이 직접 나서 기업 가치와 성장 전망에 대해 설명할 예정이다. 셀트리온헬스케어는 램시마 트룩시마 허쥬마 등 셀트리온이 생산하는 모든 바이오복제약(바이오시밀러)과 신약 독점 판매권을 보유한 회사다. 2016년 매출은 7577억원, 영업이익은 1786억원으로 전년 대비 각각 88.3%, 59.6% 증가했다. 올해 전망도 밝다. 자가면역질환 치료제 램시마는 유럽 판매 2년 만에 시장점유율 40%를 넘어선 데 이어 지난해 미국 시장에 진출했다. 전 세계 바이오시밀러 시장의 50% 이상을 차지할 것으로 예상되는 미국 시장에서 램시마의 올해 1분기 판매 실적은 전 분기 대비 4배 이상 증가하며 안정적으로 시장에 침투하고 있다. 셀트리온헬스케어의 두 번째 바이오시밀러인 혈액암 및 자가면역질환 치료제 트룩시마도 올해 2분기부터 유럽 판매가 시작됐다. 셀트리온헬스케어 관계자는 ""상장을 통해 조달한 자금은 R&D에 투입해 제품을 추가 개발하고, 해외 법인 설립과 인력 채용을 통해 현행 해외 유통사를 끼고 판매하는 체계에서 직판 체계로 전환하는 방안을 검토하고 있다""고 말했다. 코오롱생명과학의 미국 자회사 티슈진은 지난 14일 한국거래소에 상장예비심사를 청구했다. 퇴행성 관절염 치료제 인보사를 개발하는 티슈진의 기업가치는 2조원대로 평가되며 이번 IPO로 확보한 자금은 미국에서 임상3상 시험을 진행하는 데 투입할 계획이다. 동구바이오제약도 하반기 상장을 목표로 하고 있다. 1970년 설립된 동구바이오제약은 최근 8년간 국내 피부과 처방 1위를 차지해왔다. 2016년에는 매출 873억원, 영업이익 105억원으로 사상 최대 실적을 기록했으며 최근에는 줄기세포 키트 등 바이오사업 투자를 확대하고 있다. CJ헬스케어도 IPO 시기를 조율 중이다. 2014년 CJ제일제당에서 분사한 후 처음으로 자체 개발한 신약인 위식도 역류성질환 치료제 테고프라잔이 올해 초 임상 3상을 마치고 식품의약품안전처 허가를 오는 9월 신청할 예정이다. 테고프라잔은 약효 시간을 늘리고 식사 여부에 상관없이 복용할 수 있으며 2015년 중국 뤄신에 1000억원에 기술이전을 했다.[김혜순 기자][매일경제 공식 페이스북] [오늘의 인기뉴스] [매경 프리미엄][ⓒ 매일경제 & mk.co.kr, 무단전재 및 재배포 금지]매일경제 관련뉴스해당 언론사에서 선정하며 언론사 페이지(아웃링크)로 이동해 볼 수 있습니다.39세 이효리 \'속옷화보\'…요가로 빚은 핫보디 \'입이 쩍\'21억원 로또 당첨 후 아내와 이혼하겠다는 남편\'1박2일 혈투\' 엘롯라시코, 롯데 \'끝내기 실책\'승국내 개발 \'소형무장헬기\' 1호기 조립 시작日\'그라비아 모델\' 안신애, 스위트룸서 파격화보 촬영좋아요0훈훈해요0슬퍼요0화나요0후속기사 원해요0기사제공 :']"
2,셀트리온, 2017-06-2514:47,이데일리 ,[마켓포인트]코스닥 주간 개인 순매도 1위 '셀트리온',https://finance.naver.com/news/news_read.nhn?article_id=0003859006&office_id=018&mode=search&query=셀트리온&page=1,"[""       [마켓포인트]코스닥 주간 개인 순매도 1위 '셀트리온'      기사입력2017-06-25 14:47기사원문좋아요훈훈해요좋아요 평가하기공감좋아요0훈훈해요0슬퍼요0화나요0후속기사 원해요0댓글 [이데일리 박형수 기자]화면번호:2671박형수 (parkhs@edaily.co.kr)▶심쿵유발 스타 화보 [핫포토]▶이데일리 [페이스북] | [포스트]▶한 눈에 보는 이슈 트렌드 [카드뉴스]＜ⓒ종합 경제정보 미디어 이데일리 - 무단전재 & 재배포 금지＞이데일리 관련뉴스해당 언론사에서 선정하며 언론사 페이지(아웃링크)로 이동해 볼 수 있습니다.1400조 '가계빚 킬러' 될까?…新DTI·DSR 효과 갑론을박이마트 화장품 '슈마커', 21조 중동 시장 공략한다성락교회 김기동 목사, 성추문 X파일 몸 더듬어.. 섬뜩했다갑작스런 유가 급락, 한국경제 돌발악재 '급부상'시가총액 3위마저 위태로워진 현대차&nbsp;좋아요0훈훈해요0슬퍼요0화나요0후속기사 원해요0기사제공 :""]"
3,셀트리온, 2017-06-2514:46,이데일리 ,[마켓포인트]코스닥 주간 기관 순매수 1위 '셀트리온',https://finance.naver.com/news/news_read.nhn?article_id=0003859003&office_id=018&mode=search&query=셀트리온&page=1,"[""       [마켓포인트]코스닥 주간 기관 순매수 1위 '셀트리온'      기사입력2017-06-25 14:46기사원문좋아요훈훈해요좋아요 평가하기공감좋아요0훈훈해요0슬퍼요0화나요0후속기사 원해요0댓글 [이데일리 박형수 기자]화면번호:2671박형수 (parkhs@edaily.co.kr)▶심쿵유발 스타 화보 [핫포토]▶이데일리 [페이스북] | [포스트]▶한 눈에 보는 이슈 트렌드 [카드뉴스]＜ⓒ종합 경제정보 미디어 이데일리 - 무단전재 & 재배포 금지＞이데일리 관련뉴스해당 언론사에서 선정하며 언론사 페이지(아웃링크)로 이동해 볼 수 있습니다.1400조 '가계빚 킬러' 될까?…新DTI·DSR 효과 갑론을박이마트 화장품 '슈마커', 21조 중동 시장 공략한다성락교회 김기동 목사, 성추문 X파일 몸 더듬어.. 섬뜩했다갑작스런 유가 급락, 한국경제 돌발악재 '급부상'시가총액 3위마저 위태로워진 현대차&nbsp;좋아요0훈훈해요0슬퍼요0화나요0후속기사 원해요0기사제공 :""]"
4,셀트리온, 2017-06-2514:46,이데일리 ,[마켓포인트]코스닥 주간 외국인 순매수 1위 '셀트리온',https://finance.naver.com/news/news_read.nhn?article_id=0003859000&office_id=018&mode=search&query=셀트리온&page=1,"[""       [마켓포인트]코스닥 주간 외국인 순매수 1위 '셀트리온'      기사입력2017-06-25 14:46기사원문좋아요훈훈해요좋아요 평가하기공감좋아요0훈훈해요0슬퍼요0화나요0후속기사 원해요0댓글 [이데일리 박형수 기자]화면번호:2671박형수 (parkhs@edaily.co.kr)▶심쿵유발 스타 화보 [핫포토]▶이데일리 [페이스북] | [포스트]▶한 눈에 보는 이슈 트렌드 [카드뉴스]＜ⓒ종합 경제정보 미디어 이데일리 - 무단전재 & 재배포 금지＞이데일리 관련뉴스해당 언론사에서 선정하며 언론사 페이지(아웃링크)로 이동해 볼 수 있습니다.1400조 '가계빚 킬러' 될까?…新DTI·DSR 효과 갑론을박이마트 화장품 '슈마커', 21조 중동 시장 공략한다성락교회 김기동 목사, 성추문 X파일 몸 더듬어.. 섬뜩했다갑작스런 유가 급락, 한국경제 돌발악재 '급부상'시가총액 3위마저 위태로워진 현대차&nbsp;좋아요0훈훈해요0슬퍼요0화나요0후속기사 원해요0기사제공 :""]"
5,셀트리온, 2017-06-2511:15,서울경제 ,"삼성바이오에피스 '임랄디', 유럽 진출 파란불",https://finance.naver.com/news/news_read.nhn?article_id=0003058397&office_id=011&mode=search&query=셀트리온&page=1,"['       삼성바이오에피스 \'임랄디\', 유럽 진출 파란불      기사입력2017-06-25 11:15기사원문좋아요훈훈해요좋아요 평가하기공감좋아요0훈훈해요0슬퍼요0화나요0후속기사 원해요0댓글 유럽의약품청 판매 \'긍정의견\'3월 암젠 이어 세계서 두번째삼성바이오에피스 ‘임랄디’의 오리지널 의약품인 애브비의 ‘휴미라’[서울경제] 삼성바이오에피스가 개발한 바이오시밀러 ‘임랄디’(프로젝트명, SB5)의 유럽 진출에 청신호가 켜졌다. 임랄디는 글로벌 매출액 1위 의약품 ‘휴미라’의 바이오시밀러(바이오의약품 복제약)로, 국내 기업으로는 처음이며 전 세계적으로도 두 번째다.지난 24일(현지시각) 유럽의약품청(EMA) 약물사용자문위원회는 삼성바이오에피스의 임랄디의 임상시험에 대해 ‘긍정 의견’을 내렸다. 지난해 6월 유럽의약품청에 판매 허가를 신청한 지 꼭 1년 만에 거둔 쾌거다. 통상 유럽연합집행위원회(EC)가 약물사용자문위원회의 검토 결과를 넘겨받아 2~3개월 이내 판매를 허가한다는 점을 감안하면 사실상 승인이 확정된 것으로 해석된다.유럽에서 휴미라 바이오시밀러의 판매 허가는 삼성바이오에피스가 두 번째다. 앞서 다국적 제약사 암젠이 지난 3월 ‘암제비타’로 허가를 받았다. 하지만 두 제품 모두 휴미라의 유럽 특허가 끝나는 2018년 10월부터 정식 판매가 가능하다. 휴미라 개발사인 애브비는 바이오시밀러의 시장 진입을 늦추기 위해 특허만료 기한을 2023년으로 늘렸지만 지난 3월 영국 고등법원이 삼성바이오에피스의 특허무효 소송을 받아들이면서 내년으로 앞당겨졌다.임랄디의 유럽 승인은 삼성바이오에피스에게 남다른 의미를 갖는다. 우선 글로벌 1위 의약품의 복제약을 국내 최초로 개발했다는 점에서 향후 글로벌 바이오기업으로 도약하는 기폭제가 될 것이라는 관측이다. 휴미라는 수년째 글로벌 의약품 판매 1위를 달리는 스테디셀러다. 지난해 매출액 160억7,800만달러(약 18조3,000억원)로 2위 엔브렐(88억7,400만달러)의 2배에 달한다. 세계 최초로 자가면역질환 치료 바이오의약품 3종(휴미라·엔브렐·레미케이드)을 모두 확보했다는 점도 값진 성과다. 이들 제품이 지난해 글로벌 시장에서 거둔 매출은 327억8,100만달러(약 32조3,200억원)에 이른다. 이 중 휴미라는 치료 범위가 가장 넓어 성장세도 가파르다.자가면역질환 치료제 시장은 앞으로도 성장 가능성이 무궁무진해 주요 바이오기업이 앞다퉈 뛰어들고 있다. 휴미라 바이오시밀러만 보면 베링거인겔하임·화이자·산도스·쿄와기린바이오로직스 등 글로벌 제약사가 출사표를 던졌고 국내에서도 LG화학(051910)·DM바이오·바이오씨앤디(217950)·이수앱지스(086890) 등이 임상시험 중이다. 셀트리온(068270)도 조만간 휴미라 바이오시밀러의 임상시험에 돌입할 계획이다.고한승 삼성바이오에피스 사장은 “이번 결과는 삼성바이오에피스의 바이오의약품 연구개발 역량이 유럽에서 인정받았다는 점에서 큰 의미가 있다”며 “조만간 미국 판매 허가 신청에도 나설 계획”이라고 말했다./이지성기자 engine@sedaily.com[서울경제 바로가기]1997년 이래 대한민국 최고의 과학자 DB [바로가기]서울경제의 모든 연재물!... 서경Cube [바로가기▶]저작권자 ⓒ 서울경제, 무단 전재 및 재배포 금지서울경제 관련뉴스해당 언론사에서 선정하며 언론사 페이지(아웃링크)로 이동해 볼 수 있습니다.이용섭 ""민노총 총파업 부적절, 노동계도 양보해야""청와대 앞길 전면 개방, 차단막 사라지고 \'교통 안내초소\' 설치전지현 둘째 임신, 남편 최준혁은 누구? 연예인 뺨 치는 외모에 스펙까지!\'섹션TV 연예통신\', 송중기-송혜교 열애설에 심층취재···발리에서 무슨 일 있었나[SE★초점] \'제시카 닮은꼴 행보?\'···AOA 초아, 스스로 무너트린 \'6년의 공든탑\'좋아요0훈훈해요0슬퍼요0화나요0후속기사 원해요0기사제공 :']"
