﻿,회사명,날짜,언론사,기사제목,링크,본문
0,셀트리온, 2017-01-1414:03,한국경제TV ,"[위클리 헬스] SK케미칼, 혈우병치료 '앱스틸라' 유럽 시판 허가",https://finance.naver.com/news/news_read.nhn?article_id=0000523366&office_id=215&mode=search&query=셀트리온&page=1,"['       [위클리 헬스] SK케미칼, 혈우병치료 \'앱스틸라\' 유럽 시판 허가      기사입력2017-01-14 14:03기사원문좋아요훈훈해요좋아요 평가하기공감좋아요0훈훈해요0슬퍼요0화나요0후속기사 원해요0댓글[한국경제TV 이문현 기자]▲ SK케미칼, 혈우병치료 \'앱스틸라\' 유럽 시판 허가SK케미칼의 혈우병치료제 \'앱스틸라\'가 미국에 이어 유럽에서도 판매 허가를 획득했습니다.바이오시밀러가 아닌 국내에서 기술 개발된 신약으로는 처음으로 유럽시장에 진출하게 됐습니다.앱스틸라는 기존 혈우병치료제보다 안전성이 개선되고, 주 2회 복용만으로도 지속적인 출혈관리 효과를 내는 4세대 치료제입니다.▲ 제약·의료기기업체, 중국 \'사드\' 보복에 전전긍긍사드 배치 문제에 대한 수입 보복이 가시화되면서 중국에 진출하는 의료기기·제약 기업들의 어려움도 커지고 있습니다.우리나라 기업이 중국으로 의료기기를 수출할 경우 중국 식약당국(CFDA)의 허가를 받아야 합니다.하지만, 이 과정에서 \'이유 없는 지연\'이 빈번히 발생하고 있다는 게 의료기기업체들의 설명입니다.▲ 정부, 인공지능으로 감염병 대유행 차단 나선다올해 보건복지부와 식품의약품안전처는 이러한 신종감염병에 선제적으로 대응하기 위한 기술 개발에 집중할 계획입니다.우선 복지부는 인공지능(AI)을 활용한 진단과 치료법 개발에 나섭니다식약처는 각종 신종감염병 창궐시 백신의 신속한 생산과 공급을 위한 체계 마련에 적극 나서기로 했습니다.▲ 셀트리온 """"이르면 4월께 자가면역 진단키트 출시""셀트리온은 올해 2분기 자가면역치료 진단키트를 출시한다고 밝혔습니다.이를 통해 자가면역질환 치료제인 \'TNF-알파 억제제\' 시장의 점유율을 확대하겠다고 덧붙였습니다.TNF-알파 억제제는 류마티스 관절염 등 자가면역질환에 쓰이는 치료제입니다.▲ 삼성바이오로직스 ""15개 기업과 제품 공급 협상중""김태한 삼성바이오로직스 사장은 10일 JP모건 헬스케어 콘퍼런스에서 ""현재 15개 이상의 기업들과 30개 이상의 제품 공급계약에 대한 협상을 진행하고 있다""고 밝혔습니다.이어 김 사장은 ""바이오 CMO 시장을 더욱 확대하고 바이오제약 산업도 생산전문업체들이 주도해 나갈 수 있도록 패러다임을 바꿔나갈 것""이라고 말했습니다.JP모건 헬스케어 콘퍼런스는 글로벌 금융사인 JP모건이 매년 전 세계 제약·바이오 기업들을 초청해 실시하는 투자자 대상 콘퍼런스입니다.▲ 신신제약, 증권신고서 제출…2월 코스닥시장 상장신신제약은 2월 내 상장을 목표로 본격적인 절차에 돌입한다고 밝혔습니다.총공모주 수는 3,25만주이며 공모 희망가 범위는 5,900원~6,700원 선입니다.신신제약은 이번 공모를 통해 최대 217억8,000만 원을 조달한다는 목표를 세웠습니다.이문현기자 mhlee@wowtv.co.kr한국경제TV    ⓒ 한국경제TV, 무단 전재 및 재배포 금지한국경제TV 관련뉴스해당 언론사에서 선정하며 언론사 페이지(아웃링크)로 이동해 볼 수 있습니다.62년만에 찾았다...메럴린먼로 영화 속 치마 날리는 동영상다이아 은진, 에릭과 다정하게 팔짱 낀 인증샷 공개고영태 사라졌나...헌재 \'소재탐지\' 요청\'도깨비\' 이동욱, 안방극장 장악한 美친 연기력 \'갓동욱\'경기북부 최대 중심 상업용지 ＂센타프라자＂분양 날개를 달다좋아요0훈훈해요0슬퍼요0화나요0후속기사 원해요0기사제공 :']"
1,셀트리온, 2017-01-1412:59,머니투데이 ,"정유년 둘째주 코스닥, 1월 랠리 '주춤'",https://finance.naver.com/news/news_read.nhn?article_id=0003806135&office_id=008&mode=search&query=셀트리온&page=1,"['       정유년 둘째주 코스닥, 1월 랠리 \'주춤\'      기사입력2017-01-14 12:59기사원문좋아요훈훈해요좋아요 평가하기공감좋아요0훈훈해요0슬퍼요0화나요0후속기사 원해요0댓글 [머니투데이 변휘 기자] [[주간시황] 1월 9~13일]정유년 두 번째 주(1월 9~13일) 코스닥 지수는 \'1월 랠리\'를 이어가지 못했다. 14일 한국거래소에 따르면 코스닥 지수는 전 주말대비 1.40%(9.00포인트) 하락한 634.68로 마감했다. 개인 매수세는 이어졌지만, 기관과 외국인은 매도로 돌아섰다.이번주 코스닥 시장에서 개인은 3475억원을 순매수했다. 반면 기관은 1972억원, 금융투자는 907억원, 외국인은 896억원 어치를 순매도했다.종목별로 살펴보면 코스닥 시장에서 기관이 가장 많이 순매도한 종목은 셀트리온으로 283억원 어치를 팔았다. 카카오(123억원), 정다운(109억원), 세종텔레콤(101억원) 등도 순매도했다.외국인이 가장 많이 순매도한 종목은 오스템임플란트로 160억원 어치를 팔았다. CJ E&M(84억원), 셀트리온(78억원), 뷰웍스(60억원) 등도 순매도했다.반면 CJ E&M은 기관이 가장 많이 순매수한 종목에도 이름을 올렸다. 215억원 어치를 사들였다. 또 기관은 뷰웍스(73억원), 오스템임플란트(68억원), 파라다이스(66억원) 등을 순매수했다.외국인은 메디톡스(96억원)를 가장 많이 사들였으며, 에스에프에이(50억원), 골프존유원홀딩스(45억원), 심텍(43억원) 순으로 순매수가 많았다.이번주 코스닥 시장에서 가장 많이 상승한 종목은 우전으로 67.17% 올랐다. 이어 디비케이(44.09%), 케이씨에스(41.91%), 메가엠디(40.04%), 오리엔탈정공(37.15%) 등이 상승률이 높았다. 큐캐피탈은 22.79% 하락하며 가장 낙폭이 큰 종목으로 꼽혔다. 이어 에스아이티글로벌(-21.28%), 인콘(-18.36%), 퓨전데이타(-18.02%), 제룡산업(-16.95%) 순이었다.[이코노미스트들의 깊이있는 투자정보 \'TOM칼럼\'][부자들에게 배우는 성공 노하우 \'줄리아 투자노트\'  ][내 삶을 바꾸는 정치뉴스 \'the 300\']변휘 기자 hynews@머니투데이 관련뉴스해당 언론사에서 선정하며 언론사 페이지(아웃링크)로 이동해 볼 수 있습니다.반기문 귀국 모습에 누리꾼들 \'와글\'… ""80년대 같다"" 냉소도[카드뉴스] 노승일이 위험하다…왜?[theL팩트체크]조윤선, 청문회서 \'변호사 남편\'찬스…위법할까가슴성형 실리콘 성분이 모유에 섞여 나와끊임없는 \'태블릿PC\' 의혹공세… 진실은?좋아요0훈훈해요0슬퍼요0화나요0후속기사 원해요0기사제공 :']"
2,셀트리온, 2017-01-1411:00,연합뉴스 ,[주간 주요공시] 코스피·코스닥-9일,https://finance.naver.com/news/news_read.nhn?article_id=0008958699&office_id=001&mode=search&query=셀트리온&page=1,"['       [주간 주요공시] 코스피·코스닥-9일      기사입력2017-01-14 11:00기사원문좋아요훈훈해요좋아요 평가하기공감좋아요0훈훈해요0슬퍼요0화나요0후속기사 원해요0댓글▲ 셀트리온, 유행성 독감 치료용 항체 美 특허 취득    ▲ 서울제약, 이란 업체와 37억원 완제의약품 계약    ▲ KGP, 최우식·곽종윤·이병호 각자 대표체제로 변경    ▲ 바이오리더스, 231억원 제3자배정 유상증자 결정    ▲ 거래소, 우전에 주가급등 조회공시 요구    ▲ 거래소, 와이비엠넷에 주가급등 조회공시 요구     ▲ 삼보모터스, 111억원 유상증자 결정    ▲ 에이모션, 대표이사 박양근씨로 변경    ▲ 동부건설, 회생채권자 대상 유상증자 결정    ▲ 삼성SDS ""홈네트워크사업 매각 검토 중""    ▲ 레고켐바이오, 단백질·활성제 접합체 특허권 취득     ▲ 아이진, 대상포진 백신 관련 특허권 취득       ▲ 서화정보통신, SKT와 15억원 중계기 공급계약    ▲ 인콘 ""최대주주 지분매각 검토 중""    ▲ 한전산업 ""검찰, 강홍 전 부사장 배임 무혐의 처분""     (서울=연합뉴스) 연합뉴스 관련뉴스해당 언론사에서 선정하며 언론사 페이지(아웃링크)로 이동해 볼 수 있습니다.메릴린 먼로 \'날리는 치맛자락\' 동영상 62년만에 공개스마트폰 배터리 폭발할까 봐 이제 걱정 안 해도 되나?인천발 칭다오행 기내서 中임신부 출산에 승객들 힘찬 박수김종, 최순실 \'종\'이었나…""崔 막무가내 지원요구에 기분상해""인니 여객기 2013년 발리 해상추락 이유 보니…""마약 환각""좋아요0훈훈해요0슬퍼요0화나요0후속기사 원해요0기사제공 :']"
3,셀트리온, 2017-01-1403:04,동아일보 ,셀트리온 스킨큐어 신년음악회,https://finance.naver.com/news/news_read.nhn?article_id=0003034845&office_id=020&mode=search&query=셀트리온&page=1,"['       셀트리온 스킨큐어 신년음악회      기사입력2017-01-14 03:04기사원문좋아요훈훈해요좋아요 평가하기공감좋아요0훈훈해요0슬퍼요0화나요0후속기사 원해요0댓글 [동아일보]\u3000기능성 화장품 기업인 셀트리온 스킨큐어는 12일 서울 송파구 올림픽로 롯데콘서트홀에서 ‘2017년 신년 음악회’를 개최했다고 13일 밝혔다. 브랜드 모델인 배우 김태희 씨(사진)가 곡 해설을 맡았다. 함신익 씨가 지휘하는 오케스트라 ‘심포니 송’이 소프라노 박하나 씨, 테너 김동원 씨 등 성악가들과 협연했다.▶ 동아일보 단독 / 동아일보 공식 페이스북▶ 어제 못본 TV 명장면이 궁금하다면 \'VODA\'ⓒ 동아일보 & donga.com, 무단 전재 및 재배포 금지동아일보 관련뉴스해당 언론사에서 선정하며 언론사 페이지(아웃링크)로 이동해 볼 수 있습니다.겨울철 감기에 잘 걸리는 이유…추워서 밖에 안나가는데 왜?이재용 신병처리 주말쯤 결정…특검 ""진술 일부 어긋나""최순실 측 ""차은택·고영태가 몸통"" 책임 떠밀어윤창중 ""朴대통령 온갖 못된 짓 다 당해…대대적 반격 나서야""문재인 31% 반기문 20% 이재명 12%…文 vs 潘 양자 대결 땐?좋아요0훈훈해요0슬퍼요0화나요0후속기사 원해요0기사제공 :']"
