﻿,회사명,날짜,언론사,기사제목,링크,본문
0,셀트리온, 2017-02-0520:05,한국경제 ,"한미약품, 주요 임원 교체…계약파기 영향?",https://finance.naver.com/news/news_read.nhn?article_id=0003723354&office_id=015&mode=search&query=셀트리온&page=1,"['       한미약품, 주요 임원 교체…계약파기 영향?      기사입력2017-02-05 20:05기사원문좋아요훈훈해요좋아요 평가하기공감좋아요0훈훈해요0슬퍼요0화나요0후속기사 원해요0댓글부사장 2명 퇴사[ 김근희 기자  ] 지난해 기술수출 계약 해지 등으로 어려움을 겪은 한미약품이 부사장급 임원 2명의 사표를 수리하고 외부에서 새로운 인사를 영입했다.5일 제약업계에 따르면 한미약품은 최근 김재식 최고재무책임자(CFO·부사장)의 사표를 수리했다. 김 전 부사장이 지난해 10월 폐암 치료제 ‘올리타’(성분명 올무티닙) 계약파기 늑장공시 등에 따른 책임으로 사표를 제출한 데 따른 것이다. 당시 한미약품은 검찰 수사 결과에 따라 사표 수리 여부를 결정할 방침이라고 밝혔으나 인적 쇄신 차원에서 퇴사를 결정한 것으로 알려졌다. 손지웅 최고의학책임자(CMO·부사장)도 한미약품을 떠나 최근 LG화학 생명과학사업본부장으로 자리를 옮겼다.한미약품 관계자는 “주요 임원급 인사가 일부 있었던 것은 맞다”며 “김 전 부사장과 손 전 부사장의 후임 인사는 정해지지 않았다”고 말했다. 업계에선 두 사람 모두 올리타의 개발과 기술수출을 총괄하는 책임자였던 만큼 올리타 기술수출 계약파기가 영향을 미쳤을 것이라고 보고 있다.한미약품이 지난달 셀트리온 부사장 출신 조강희 부사장을 영입한 것도 뒤늦게 알려졌다. 조 부사장은 한미약품에서 수출 계약과 관련한 법률 업무를 맡을 것으로 전해졌다.김근희 기자 tkfcka7@hankyung.com[한경닷컴 바로가기] [스내커] [모바일한경 구독신청] ⓒ 한국경제 & hankyung.com, 무단전재 및 재배포 금지한국경제 관련뉴스해당 언론사에서 선정하며 언론사 페이지(아웃링크)로 이동해 볼 수 있습니다.추워서 손발이 찬 줄 알았더니…\'충격 진단\'""15구 계란 1980원"" 충격…놀라운 가격의 비밀쌈짓돈 1000만원 맡겼더니 1년 뒤 불어난 돈이반포주공1단지, 보름 전 24억에 팔았는데…\'군인이 진짜 영웅\'…90초에 150억 쓰는 현대차좋아요0훈훈해요0슬퍼요0화나요0후속기사 원해요0기사제공 :']"
1,셀트리온, 2017-02-0519:25,이데일리 ,"한미약품, 주요 임원 인적쇄신…기술수출 실패 여파",https://finance.naver.com/news/news_read.nhn?article_id=0003741852&office_id=018&mode=search&query=셀트리온&page=1,"['       한미약품, 주요 임원 인적쇄신…기술수출 실패 여파      기사입력2017-02-05 19:25기사원문좋아요훈훈해요좋아요 평가하기공감좋아요0훈훈해요0슬퍼요0화나요0후속기사 원해요0댓글- 김재식 부사장 사표 수리- 손지웅 부사장, LG화학으로 옮겨[이데일리 박경훈 기자] 지난해 기술수출 계약 해지로 어려움을 겪었던 한미약품(128940)이 인적쇄신에 나섰다.5일 한미약품은 최근 김재식 부사장(최고재무책임자·CFO), 손지웅 부사장(신약개발본부장)의 퇴사가 결정됐다고 밝혔다.김 부사장은 지난해 10월 올리타정 계약파기 늑장공시 등에 대한 책임을 지고 사표를 제출했다. 당시 한미약품은 검찰 수사 결과에 따라 김 부사장 사표 수리 여부를 결정할 것이라고 밝혔다. 검찰은 미공개 정보 유용를 포함한 회사 차원의 지연 공시 여부 등을 확인한 뒤 일부 직원을 기소했지만 공시 지연에 대해서는 무혐의 결론을 내렸다.손 전 부사장은 LG화학(051910) 생명과학사업본부장으로 자리를 옮겼다. 손 전 부사장 역시 올리타정 개발과 기술수출에 관여한 인물이다. 결국 올리타정과 관련한 기술수출 계약파기가 두 사람의 인사에 영향을 미친 것으로 분석된다.한편 한미약품은 조강희 전 셀트리온 부사장을 지난달 신임 부사장으로 영입했다. 미국 변호사 출신인 조 부사장은 한미약품에서 수출·계약과 관련한 법률 업무를 맡을 전망이다.박경훈 (view@edaily.co.kr)＜ⓒ종합 경제정보 미디어 이데일리 - 무단전재 & 재배포 금지＞이데일리 관련뉴스해당 언론사에서 선정하며 언론사 페이지(아웃링크)로 이동해 볼 수 있습니다.\'직책부자\' 유일호…대통령·총리대행 겸 부총리 겸 기재부 장관?고민정 아나운서, 문재인 캠프 합류 언론 자유 지켜달라대법 ""삼성전자, 휴대폰 초성검색 특허 직원에 보상해야제740회 로또 1등 18명..당첨금 9억3692만원해병대, 매티스 美 국방장관이 말한 \'정 하사\' 찾아나서좋아요0훈훈해요0슬퍼요0화나요0후속기사 원해요0기사제공 :']"
2,셀트리온, 2017-02-0517:15,조선비즈 ,"한미약품 주요 임원 물갈이…""인적 쇄신""",https://finance.naver.com/news/news_read.nhn?article_id=0000358255&office_id=366&mode=search&query=셀트리온&page=1,"['       한미약품 주요 임원 물갈이…""인적 쇄신""      기사입력2017-02-05 17:15기사원문좋아요훈훈해요좋아요 평가하기공감좋아요0훈훈해요0슬퍼요0화나요0후속기사 원해요0댓글지난해 기술수출 계약 해지로 어려움을 겪었던 한미약품(128940)이 주요 임원을 물갈이했다.5일 한미약품 관계자는 “최근 김재식 부사장, 손지웅 부사장의 퇴사가 결정됐다”고 밝혔다.손지웅, 김재식 전 한미약품 부사장(왼쪽부터) /조선DB앞서 최고재무책임자(CFO)인 김재식 부사장은 지난해 10월 올리타정 계약파기 늑장공시 등에 대한 책임을 지고 사표를 제출했다.검찰은 미공개 정보 유용과 회사 차원의 지연 공시 여부 등을 확인한 뒤 일부 직원을 기소했지만 공시 지연에 대해서는 무혐의 결론을 내렸다.손 전 부사장은 LG화학 생명과학사업본부장으로 자리를 옮겼으며 퇴사한 두 부사장의 후임 인사는 아직 없는 상태다.김재식, 손지웅 부사장 모두 올리타정 개발과 기술수출에 관여한 주요 인물이라는 점에서 올리타정 기술수출 계약파기가 이번 인사의 불씨라는 해석이 나온다.이와 관련, 한미약품 관계자는 “인적 쇄신 차원으로 이해해달라”고 답했다.한편 한미약품은 셀트리온 부사장 출신인 조강희 씨를 지난달 신임 부사장으로 영입했다. 미국 변호사인 조 부사장은 한미약품에서 수출·계약과 관련한 법률 업무를 맡을 전망이다.[허지윤 기자 jjyy@chosunbiz.com]chosunbiz.com조선비즈 관련뉴스해당 언론사에서 선정하며 언론사 페이지(아웃링크)로 이동해 볼 수 있습니다.중국인 사라진 제주…돈 빼겠다 \'난리\'망치로 내려쳐도 멀쩡한 피부…세계가 발칵""4년째 이웃 없어"" 영종도 텅 빈 아파트""현대차 취업된다"" 경쟁률 100대1 학과이재용 굽신…美도 놀란 문어발 풍산 회장좋아요0훈훈해요0슬퍼요0화나요0후속기사 원해요0기사제공 :']"
3,셀트리온, 2017-02-0515:04,한국경제 ,미국 트럼프 정부 의료정책 수혜…셀트리온·삼성바이오로직스 등 바이오시밀러주 눈여겨...,https://finance.naver.com/news/news_read.nhn?article_id=0003723212&office_id=015&mode=search&query=셀트리온&page=1,"[""       미국 트럼프 정부 의료정책 수혜…셀트리온·삼성바이오로직스 등 바이오시밀러주 눈여겨볼 만      기사입력2017-02-05 15:04기사원문좋아요훈훈해요좋아요 평가하기공감좋아요0훈훈해요0슬퍼요0화나요0후속기사 원해요0댓글방송에서 못다한 종목이야기 - 박찬홍 파트너미국정부, 제약사 약값 인하 유도…바이오·제약 관련업종에 호재보호주의·약달러 정책은 부담자동차업종 타격 불가피…철강·정유업계도 '먹구름'한국 주식시장을 둘러싼 대내외 불확실성이 확대되고 있다. 도널드 트럼프 대통령은 미국 우선주의를 표방한 보호무역주의, 반이민 정책, 환율조작국 발언 등으로 세계 경제의 지각변동을 예고하고 있다. 강력한 보호무역주의에 대한 우려로 수출 중심의 한국 경제에도 타격은 있을 것으로 예상된다.최근엔 환율조작국 카드를 꺼내 들면서 “더 이상 미국이 무역적자 기조를 방관하지 않겠다”며 나서고 있다. 환율조작국 타깃으로 삼은 국가는 중국, 일본, 독일 등이다. 더 이상 강달러를 묵인하지 않겠다는 태도를 엿볼 수 있다. 미국의 환율 전쟁 영향으로 원·달러 환율이 하락할 가능성도 생각해 봐야 한다. 원화 강세로 인한 수출 중심의 한국 기업들의 가격 경쟁력과 수익성은 악화될 수 있다.미국시장의 주요 수출품 하나인 자동차 업종은 타격을 받을 가능성이 높은 상황이지만 반도체와 디스플레이는 중간재이기 때문에 어느 정도 수출 타격에는 한 발짝 비켜서 있다. 이 밖에 철강, 정유업계도 반덤핑 예비 관세 가능성으로 인해 수출 타격이 불가피할 전망이다. 하지만 한국 원·달러 환율 변동성이 크지 않을 경우 환율조작국에 지정될 가능성이 높은 중국과 일본 기업들보다는 높은 가격 경쟁력을 유지할 수 있어 수출 타격이 상대적으로 작을 것으로 예상된다.코스피지수의 상승세와 따로 움직이는 코스닥 시장의 부진은 대내 시장 변수다. 코스닥 종목은 상대적으로 코스피 기업들로부터 하청을 받는 기업이 많다. 이런 회사들이 대내외 불확실성에 흔들리며 투자 심리가 위축된다면 개인투자자 비중이 높은 만큼 주가 변동성은 확대될 수 있다. 유가증권시장의 삼성전자, SK하이닉스 같은 주도주의 부재도 코스닥지수가 외부 변수에 크게 흔들리는 흐름을 보이고 있는 원인 중 하나로 꼽힌다.다소 암울할 수 있는 투자 환경이다. 하지만 기회는 있다. 미국 트럼프 신정부의 정책 수혜를 볼 업종으로 바이오시밀러를 눈여겨봐야 한다. 한미약품이 기술이전에 대한 계약 해지 사건으로 바이오제약 관련주들의 투자 위험이 부각되면서 업종이 전체적으로 소외를 받았다. 하지만 트럼프 정부의 의료정책 핵심은 제약기업 간 자율경쟁을 통한 약값 조정(인하)이다. 아직 구체적인 세부 내용을 발표하지 않았지만 약가 인하에 따라 바이오시밀러가 수혜 산업으로 주목받고 있다.국내 업체로는 셀트리온의 램시마(류머티즘관절염치료제)가 유럽시장에서 확고한 지위를 구축한 레미케이드와 대등한 경쟁을 펼치고 있다. 셀트리온 주가는 램시마의 유럽 진출과 성공적인 안착 후 10만원을 넘어 숨고르기 중이다. 램시마의 뒤를 이어 ‘트룩시마’와 ‘허쥬마’도 곧 유럽시장 진출이 임박해 올해 실적 개선 기대가 크다. 램시마의 성공을 바탕으로 올해 연구개발(R&D)과 공장 확충에 3000억원을 투자해 선두 기업으로서의 입지를 다지고 있다. 셀트리온과 함께 삼성그룹의 바이오사업 계열사 삼성바이오로직스도 바이오시밀러 수혜 기업으로 손꼽힌다.‘골이 깊으면 산이 높아진다’는 말이 있다. 어려운 투자환경 속에서 끝까지 포기하지 않고 위험 관리를 통한 투자 전략을 세운다면 깊은 하락의 골을 지나 상승장이라는 기회의 장을 만날 수 있을 것이다.박찬홍 파트너 프로필▷제4회 슈퍼스탁킹 수익률 대회 2위(2016년12월)▷2017년1월 와우스탁킹 수익률 1위(계좌수익률 43%)[한경닷컴 바로가기] [스내커] [모바일한경 구독신청] ⓒ 한국경제 & hankyung.com, 무단전재 및 재배포 금지한국경제 관련뉴스해당 언론사에서 선정하며 언론사 페이지(아웃링크)로 이동해 볼 수 있습니다.약달러가 ( ) 종목엔 약이라는데…삼성생명과 함께하는 라이프디자인 <186> 세월이 지나도 변치 않는 '격세동감'의 필요조건'대박' 낸 직원에 성과급 10억원 쏜 회사 봤더니주식으로 돈 얼마 벌었나 봤더니 10명 중 3명이…직원 식당에 '혼밥' 자리 만들자 간부 반응이좋아요0훈훈해요0슬퍼요0화나요0후속기사 원해요0기사제공 :""]"
4,셀트리온, 2017-02-0514:51,한국경제 ,박정하 골든브릿지 대표의 장외주식 투자하기 (1) 공모 자진철회 기업에 '투자 기...,https://finance.naver.com/news/news_read.nhn?article_id=0003723205&office_id=015&mode=search&query=셀트리온&page=1,"[""       박정하 골든브릿지 대표의 장외주식 투자하기 (1) 공모 자진철회 기업에 '투자 기회' 있다      기사입력2017-02-05 14:51기사원문좋아요훈훈해요좋아요 평가하기공감좋아요0훈훈해요0슬퍼요0화나요0후속기사 원해요0댓글비상장 주식 투자와 관련해서는 일단 상장하면 가격이 오른다는 믿음이 있다. 하지만 이것이 유일한 방법은 아니다. 회사 본질 가치가 높아지면서 장외시장 가격부터 확연한 상승세를 보이고 유통 물량이 증가하는 경우도 많아졌다. 비상장 주식을 매수한 이후 장외에서 매각할 때는 양도세가 부과되기 때문에 개인투자자에게는 익숙한 방법이 아니다. 그럼에도 최근의 상장 이후 주식시장 흐름을 보면 반드시 상장 이후까지 주식을 보유해 양도세를 회피하는 것만이 최선은 아니라는 판단이다.상장 시점에 시장 상황이 좋지 않아 상장 승인 이후 스스로 공모를 자진 철회하거나 심사에서 탈락한 회사 중에서도 좋은 투자 기회를 찾을 수 있다. 상장심사에서 서류의 미숙한 대처나 기타 회계상 사소한 문제 등으로 탈락한 경우 기업은 오류를 수정해 다시 심사를 청구할 가능성이 높기 때문에 오히려 기회가 될 수 있다.올해는 대통령 탄핵 심판, 미국의 보호무역 정책과 기준금리 인상이라는 어려운 대내외 변수를 헤쳐나가야 한다. 이런 상황에서 비상장 주식시장은 특정 종목을 제외하면 거래 부진이 지속되고 있다. 올해 초반까지는 비슷한 흐름이 이어질 것으로 보인다.넷마블과 지난해 상장을 연기한 호텔롯데, 셀트리온의 자회사 셀트리온 헬스케어, 제일홀딩스, 에이프로젠 등 올해 역시 기업공개(IPO) ‘대어’들이 대기하고 있지만 시장을 확실히 끌고갈 만한 유동성이 풍부한 선도주는 나타나지 않고 있다. 따라서 단순히 가능성만 보고 투자하는 것은 바람직하지 않다.[한경닷컴 바로가기] [스내커] [모바일한경 구독신청] ⓒ 한국경제 & hankyung.com, 무단전재 및 재배포 금지한국경제 관련뉴스해당 언론사에서 선정하며 언론사 페이지(아웃링크)로 이동해 볼 수 있습니다.울산송정 금강펜테리움 그린테라스, 2만명 거주할 송정 신도시에 위치봄 이사철 수요 앞두고 인기…서울 3억원대 전세 아파트는2600만원 주고 산 속초 아파트, 2년 사이에…추워서 손발이 찬 줄 알았더니…'충격 진단''군인이 진짜 영웅'…90초에 150억 쓰는 현대차좋아요0훈훈해요0슬퍼요0화나요0후속기사 원해요0기사제공 :""]"
5,셀트리온, 2017-02-0514:35,스포츠조선 ,"한미약품, 핵심 임원 물갈이… 기술수출 무산 여파?",https://finance.naver.com/news/news_read.nhn?article_id=0003045924&office_id=076&mode=search&query=셀트리온&page=1,"[""       한미약품, 핵심 임원 물갈이… 기술수출 무산 여파?      기사입력2017-02-05 14:35기사원문좋아요훈훈해요좋아요 평가하기공감좋아요0훈훈해요0슬퍼요0화나요0후속기사 원해요0댓글 수조원 규모의 기술수출로 차세대 한국경제를 이끌 주자로 각광 받던 한미약품이 내부자거래 등 연이은 의혹과 구설에 휩싸이며 추락을 거듭하자 극단의 인사 조치에 나선 것으로 알려졌다. 이미 부사장급 임원 2명의 사표를 수리했고, 외부에서 새로운 인사를 영입한 것으로 전해졌다. 시장에서는 성장의 신호탄으로 보였던 폐암 신약 '올리타정'(성분명 올무티닙)의 기술수출 계약파기에 따른 여파로 보고 있다.5일 업계에 따르면 한미약품은 최근 최고재무책임자(CFO)인 김재식 부사장의 사표를 전격 수리했다. 김 부사장은 지난해 10월 불거진 올리타정 계약파기 '늑장 공시' 등에 따른 책임으로 사표를 제출한바 있다. 당시 김 부사장의 사표 제출을 놓고 한미약품은 검찰의 수사결과에 따라 수리 여부를 결정할 방침이라고 밝혔다.검찰 조사결과 공시 지연에 회사의 '조직적 개입'은 확인되지 않았다. 검찰은 미공개 정보 유용, 회사 차원의 지연 공시 여부 등에 대해 일부 직원을 기소했지만 공시 지연에는 무혐의 결론을 내렸다.김 전 부사장의 사표 수리와 함께 손지웅 전 부사장(신약개발본부장)의 퇴사도 함께 결정됐다. 손 전 부사장은 LG화학 생명과학사업본부장으로 자리를 옮겼다.두 사람은 올리타정의 개발과 기술수출 등을 총괄한 책임자로, 지난해 올리타정 기술수출 계약파기 여파에 따른 인사 조치로 풀이된다.한미약품은 최근 셀트리온 부사장 출신인 조강희 부사장을 영입했다. 미국 변호사인 조 부사장은 수출 및 계약과 관련한 법률 업무를 맡을 것으로 보인다.이규복 기자 kblee341@sportschosun.com ▶'핵꿀잼' 펀펌+'핵미녀' 디바 [스포츠조선 바로가기] [스포츠조선 페이스북]- Copyrightsⓒ 스포츠조선(http://sports.chosun.com/), 무단 전재 및 재배포 금지좋아요0훈훈해요0슬퍼요0화나요0후속기사 원해요0기사제공 :""]"
6,셀트리온, 2017-02-0512:35,이데일리 ,[마켓포인트]코스닥 주간 외국인 순매도 1위 '셀트리온',https://finance.naver.com/news/news_read.nhn?article_id=0003741674&office_id=018&mode=search&query=셀트리온&page=1,"['       [마켓포인트]코스닥 주간 외국인 순매도 1위 \'셀트리온\'      기사입력2017-02-05 12:35기사원문좋아요훈훈해요좋아요 평가하기공감좋아요0훈훈해요0슬퍼요0화나요0후속기사 원해요0댓글 [이데일리 김기훈 기자]화면번호:2671김기훈 (core81@edaily.co.kr)＜ⓒ종합 경제정보 미디어 이데일리 - 무단전재 & 재배포 금지＞이데일리 관련뉴스해당 언론사에서 선정하며 언론사 페이지(아웃링크)로 이동해 볼 수 있습니다.\'직책부자\' 유일호…대통령·총리대행 겸 부총리 겸 기재부 장관?고민정 아나운서, 문재인 캠프 합류 언론 자유 지켜달라대법 ""삼성전자, 휴대폰 초성검색 특허 직원에 보상해야제740회 로또 1등 18명..당첨금 9억3692만원해병대, 매티스 美 국방장관이 말한 \'정 하사\' 찾아나서좋아요0훈훈해요0슬퍼요0화나요0후속기사 원해요0기사제공 :']"
7,셀트리온, 2017-02-0509:00,연합뉴스 ,기술수출 계약파기 여파? 한미약품 주요 임원 물갈이,https://finance.naver.com/news/news_read.nhn?article_id=0009008289&office_id=001&mode=search&query=셀트리온&page=1,"['       기술수출 계약파기 여파? 한미약품 주요 임원 물갈이      기사입력2017-02-05 09:00기사원문좋아요훈훈해요좋아요 평가하기공감좋아요0훈훈해요0슬퍼요0화나요0후속기사 원해요0댓글김재식·손지웅 전 부사장 퇴사…셀트리온 출신 조강희 부사장 영입(서울=연합뉴스) 김잔디 기자 = 지난해 기술수출 계약 해지, 임상 환자 모집 중단 등으로 어려움을 겪었던 한미약품이 핵심 임원을 교체할 예정이다.     한미약품은 이미 부사장급 임원 2명의 사표를 수리했고, 외부에서 새로운 인사도 영입한 것으로 확인됐다. 폐암 신약 \'올리타정\'(성분명 올무티닙)의 기술수출 계약파기와 무관치 않다는 해석이 나온다.     5일 제약업계에 따르면 한미약품은 최근 최고재무책임자(CFO) 김재식 부사장의 사표를 전격 수리했다. 김 부사장이 지난해 10월 올리타정 계약파기 늑장공시 등에 따른 책임으로 사표를 제출한 지 3개월이 더 지나서다.     당시 김 부사장의 사표 제출을 놓고 한미약품은 검찰 수사 결과에 따라 수리 여부를 결정할 방침이라고 밝혔다.     검찰 조사 결과 공시 지연에 회사의 \'조직적 개입\'이 확인되지 않으면서 책임을 묻기가 모호해졌다. 검찰은 미공개 정보 이용, 회사 차원의 지연 공시 여부 등을 확인해 일부 직원을 기소했으나 공시 지연에는 무혐의 결론을 내렸다.     이에 업계에서는 김 전 부사장의 거취에 관심이 쏠렸으나 한미약품은 결정을 미룬 채 해를 넘겼다가 최근에야 인적 쇄신 차원에서 김 전 부사장의 사표를 수리한 것으로 전해졌다.     특히 김 전 부사장의 사표를 수리할 때 손지웅 전 부사장(신약개발본부장)의 퇴사도 함께 결정됐다. 손 전 부사장은 LG화학 생명과학사업본부장으로 자리를 옮겼다.     이들은 모두 올리타정의 개발과 기술수출 등을 총괄하는 책임자로, 지난해 올리타정 기술수출 계약파기 여파가 미친 인사라는 게 지배적인 시각이다. 김 전 부사장과 손 전 부사장은 지난해 10월 한미약품이 올리타정 사태로 마련한 긴급 기자회견에 이관순 사장과 함께 등장해 관련 내용을 설명했었다.    한미약품은 셀트리온 부사장 출신 조강희 부사장을 영입한 것으로 확인됐다. 미국 변호사인 조 부사장은 한미약품에서 수출, 계약과 관련한 법률 업무를 맡을 것으로 보인다.     한미약품 관계자는 ""주요 임원급 인사가 일부 있었던 건 사실""이라며 ""퇴사한 두 분의 후임 인사는 정해지지 않았다""고 말했다.    jandi@yna.co.kr#흥 이렇게 흥겨울 수가...클릭하면 요지경! 연합뉴스 관련뉴스해당 언론사에서 선정하며 언론사 페이지(아웃링크)로 이동해 볼 수 있습니다.""불났는데 주차비 징수""…동탄 화재 \'안일한 대응\' 논란\'AI 누명 벗은 비둘기\'…비둘기 죽인 진범은 누구\'음주 뺑소니\' 강정호, 한국선 재판 미국선...\'치욕\'\'귀신잡는 해병대\' 매티스 장관이 말한 정 하사 찾아나서\'태양의 후예·W… 한드\'에 빠진 미국 ""스토리 좋아요""좋아요0훈훈해요0슬퍼요0화나요0후속기사 원해요0기사제공 :']"
8,셀트리온, 2017-02-0508:02,헤럴드경제 ,"지난해 유상증자 70% 급증, STX조선ㆍ대우조선만 6조원 넘어…",https://finance.naver.com/news/news_read.nhn?article_id=0001193048&office_id=016&mode=search&query=셀트리온&page=1,"['       지난해 유상증자 70% 급증, STX조선ㆍ대우조선만 6조원 넘어…      기사입력2017-02-05 08:02기사원문좋아요훈훈해요좋아요 평가하기공감좋아요0훈훈해요0슬퍼요0화나요0후속기사 원해요0댓글 [헤럴드경제=문영규 기자]지난해 국내 상장사들의 증자를 통한 자금조달이 크게 늘어난 것으로 조사됐다.최근 한국예탁결제원(사장 이병래)에 따르면 지난해 유상증자 규모는 29조550억원으로 전년도인 17조4244억원에 비해 무려 66.7%(11조6306억원) 급증했다.건수로는 총 952건이었으며 이는 전년도보다 11.6%(99건) 늘어난 수치다. [자료=예탁결제원]특히 K-OTC 시장 기업이나 예탁지정법인 등 비상장사들의 유상증자가 가장 큰 비중을 차지했으며 가장 높은 증가율을 보이기도 했다.지난해 비상장사 증자규모는 13조8004억원(430건)으로 전년도 6조6511억원(414건)보다 107.5%(7조1493억원) 급증했다.코스피 시장은 129건에서 124건으로 건수는 줄었지만 금액은 10조2249억원으로 2조5528억원 33.3% 증가했다.코스닥 시장은 2조9313억원에서 4조8262억원으로 64.6% 증가했고 건수 역시 273건에서 349건으로 27.8% 늘었다. [자료=예탁결제원]코넥스 시장 역시 37건에서 49건으로, 1699억원에서 2035억원으로 각각 32.4%, 19.8% 규모가 증가했다.예탁결제원은 “지난해 유상증자는 코스피시장에서 5건 감소했을 뿐, 2015년도와 비교해 주식시장 전체에서 유상증자를 통한 자금조달이 활발했다”고 평가했다.조선업계의 침체를 반영하듯 시급히 자금조달이 필요했던 STX해양조선과 대우조선해양이 각각 4조2418억원과 1조7858억원으로 유상증자 규모가 가장 컸다.배정방식별로 보면 제3자배정이 가장 많은 13조6986억원(47.2%)로 나타났고 주주배정이 8조9885억원(30.9%), 일반공모가 6조3679억원(21.9%)으로 집계됐다.한편 지난해 무상증자는 7조8059억원으로 전년도(3조5019억원)보다 4조3040억원 늘어나 122.9% 급증했다. 건수로는 74건에서 88건으로 14건(18.9%) 증가했다.시장별로 보면 코스피시장은 13건, 3조7987억원으로 전년(13건, 9989억원) 대비 증자 건수는 동일하나 증자금액은 2조7998억원(280.3%) 대폭 증가했다.코스닥시장은 53건, 3조8431억원으로 전년(41건, 2조3720억원) 대비 건수는 12건(29.3%), 증자금액은 1조4711억원(62%) 늘었다.코넥스시장은 1건, 231억원으로 전년(3건, 298억원) 대비 소폭 감소했으며 비상장사(예탁지정법인)의 증자규모는 21건, 1410억원으로 전년(17건, 1012억원) 대비 4건(23.5%), 398억원(39.3%) 증가했다.무상증자 금액이 가장 컸던 회사는 상장법인인 비지에프(BGF)리테일로 2조1801억원(2,477만주 발행)을 발행했다.증자 주식수가 가장 많았던 곳은 코스닥 법인인 유지인트로 2억4498만주(1173억원)를 발행했다.무상증자 배정비율이 높았던 회사는 셀트리온헬스케어 3900%, 자이글 516%, 넥스모스 469% 등이었다.ygmoon@heraldcorp.com▶초등영어 대세, 헤럴드 큐빅(Qbig)▶오늘의 띠별 운세 ▶나만의 변호사 찾기 - Copyrights ⓒ 헤럴드경제 & heraldbiz.com, 무단 전재 및 재배포 금지 -헤럴드경제 관련뉴스해당 언론사에서 선정하며 언론사 페이지(아웃링크)로 이동해 볼 수 있습니다.이인제, 태극기집회 참여 ""조국의 미래 향한 물결""文 캠프, 영입 1호…고민정 KBS 아나운서 ""언론자유 위해""""집회 방해해?""…차량 부수고 경찰 때린 \'친박 시위대\'김진태 온가족이 손석희 상대 소송 ""집 넓히겠다""개리, 송지효와 결혼설에 ""벚꽃봤다"" 의미심장좋아요0훈훈해요0슬퍼요0화나요0후속기사 원해요0기사제공 :']"
