﻿,회사명,날짜,언론사,기사제목,링크,본문
0,셀트리온, 2017-03-1418:44,한국경제 ,바이오 대장주 '엎치락 뒤치락',https://finance.naver.com/news/news_read.nhn?article_id=0003740962&office_id=015&mode=search&query=셀트리온&page=1,"['       바이오 대장주 \'엎치락 뒤치락\'      기사입력2017-03-14 18:44기사원문좋아요훈훈해요좋아요 평가하기공감좋아요0훈훈해요0슬퍼요0화나요0후속기사 원해요0댓글삼성바이오로직스 시총, 장중 셀트리온 추월시총 11조원에서 \'대접전\'[ 이태호 기자  ] 삼성바이오로직스 시가총액이 장중 한때 코스닥 대장주 셀트리온을 넘어섰다. 삼성그룹 차세대 성장동력으로서 사업 가치를 높게 평가한 외국인 매수세가 이어진 덕분이라는 평가다.바이오의약품 위탁생산업체(CMO)인 삼성바이오로직스는 14일 유가증권시장에서 전날보다 1.16% 하락한 17만1000원에 마감했다. 종가 기준 시가총액은 11조3140억원이다. 국내 최대 바이오의약품 개발업체인 셀트리온(11조4260억원)과의 격차는 1120억원에 불과하다. 이날 개장 직후엔 일시적으로 주가가 0.9% 상승하며 셀트리온 시가총액을 720억원가량 웃돌기도 했다.삼성바이오로직스 시가총액은 지난해 11월10일 상장 당시 9조5270억원으로 셀트리온과의 격차가 2조9130억원에 달했다.하지만 올 들어 셀트리온이 횡보하는 동안 꾸준히 주가가 상승하며 기업가치 역전 가능성을 키우고 있다. 한 업계 관계자는 “바이오 사업에 대한 이해도가 높은 외국인 투자자들의 매수세가 꾸준히 몰린 덕분”이라고 설명했다.한국거래소에 따르면 외국인의 삼성바이오로직스 보유 지분은 상장 첫날 3.5%에서 전날 12.3%까지 상승했다. 우리사주를 뺀 유통 주식 수가 전체 발행 주식의 21% 수준인 점을 감안하면 외국인 비중이 절반을 넘어선 셈이다.삼성그룹의 재무적·사업적 지원 능력도 다른 바이오업종 주가와 차별화를 가져온 요인으로 꼽힌다. 삼성바이오로직스는 미국 바이오젠과 합작 투자한 삼성바이오에피스를 통해 바이오시밀러(항체의약품 복제약) 연구개발(R&D) 사업을 병행하고 있다. 아울러 미국 실리콘밸리에 바이오 전용 인수합병(M&A) 펀드를 설립해 바이오 사업 육성에 적극 나선다는 계획이다.이태호 기자 thlee@hankyung.com[한경닷컴 바로가기] [스내커] [모바일한경 구독신청] ⓒ 한국경제 & hankyung.com, 무단전재 및 재배포 금지한국경제 관련뉴스해당 언론사에서 선정하며 언론사 페이지(아웃링크)로 이동해 볼 수 있습니다.31억7000만원에 팔린 압구정 현대, 6개월 만에…""편의점도 밤 12시에 문 닫을 판…"" 무슨 일이?女 신체 몰래 촬영하다 걸린 고대생 정체가…길거리서 전단지 500장 돌리고 받은 돈이…불닭볶음면, 불티나게 팔리더니…""이럴 수가""좋아요0훈훈해요0슬퍼요0화나요0후속기사 원해요0기사제공 :']"
1,셀트리온, 2017-03-1418:40,한국경제 ,"[단독] 미국서 '램시마' 파는 화이자, 자체 복제약 임상 완료",https://finance.naver.com/news/news_read.nhn?article_id=0003740954&office_id=015&mode=search&query=셀트리온&page=1,"['       [단독] 미국서 \'램시마\' 파는 화이자, 자체 복제약 임상 완료      기사입력2017-03-14 18:40기사원문좋아요훈훈해요좋아요 평가하기공감좋아요0훈훈해요0슬퍼요0화나요0후속기사 원해요0댓글뉴스카페레미케이드 복제약 임상완료셀트리온 미국 판매 영향 줄 수도[ 조미현 기자  ] 다국적 제약사인 화이자가 레미케이드 바이오시밀러(바이오의약품 복제약)의 임상시험을 마친 것으로 확인됐다. 세계 최초 레미케이드 바이오시밀러인 셀트리온 ‘램시마’(사진)의 미국 현지 판매를 맡은 화이자가 자체 제품을 확보하면서 램시마 판매에 어떤 영향을 미칠지 주목된다.14일 미국 임상정보시스템에 따르면 화이자는 레미케이드 바이오시밀러 ‘인플렉시맙-화이자(PF-06438179)’를 투여한 환자의 30주 뒤 임상반응 결과를 확보한 것으로 나타났다. 치료 시작 후 30주의 임상반응 결과를 확보했다는 것은 임상시험이 사실상 끝났다는 것을 의미한다는 게 전문가들의 분석이다. 셀트리온도 2012년 30주 임상반응 결과를 바탕으로 각국에 램시마 판매 허가를 신청했다.다국적 제약사 존슨앤드존슨의 레미케이드는 류머티즘 관절염 등에 쓰이는 항체 바이오의약품이다. 세계에서 연 9조원 이상 판매되고 있다. 2013년 유럽을 시작으로 특허가 끝난 레미케이드를 셀트리온이 세계에서 최초로 본떠 만든 바이오시밀러가 램시마다. 셀트리온은 지난해 미국 외 기업으로는 처음 미국에서 바이오시밀러 판매 허가를 받았다.업계에서는 화이자가 수개월 안에 미국 식품의약국(FDA)의 판매 허가를 신청할 것으로 내다보고 있다. 최종 판매 승인이 떨어지면 화이자의 미국 내 레미케이드 바이오시밀러 판매 전략이 어떻게 바뀔지 관심이 쏠린다.화이자는 지난해 11월부터 미국에서 ‘인플렉트라’라는 이름으로 셀트리온의 램시마를 팔고 있다. 셀트리온은 15일 자사 홈페이지에 올린 글을 통해 ""셀트리온과 화이자 간의 제품판매계약은 비경쟁조항을 포함하고 있기 때문에 화이자가 시장에서 레미케이드 바이오시밀러 제품을 판매하는 것은 불가능하다""고 밝혔다. 조미현 기자 mwise@hankyung.com[한경닷컴 바로가기] [스내커] [모바일한경 구독신청] ⓒ 한국경제 & hankyung.com, 무단전재 및 재배포 금지한국경제 관련뉴스해당 언론사에서 선정하며 언론사 페이지(아웃링크)로 이동해 볼 수 있습니다.\'SKY\' 체면 구긴 서울대, 고려대에도 밀리더니…잘나가는 다이소, 4년 만에 무려…""이럴 수가""""이 정도 빠졌으면 오르겠지"" 주식 뛰어들더니年 1조 버는데…1.8㎞ 케이블카 15년 걸리는 나라새 대통령 선출 20일 만에…\'멘붕\' 빠진 공무원들좋아요0훈훈해요0슬퍼요0화나요0후속기사 원해요0기사제공 :']"
2,셀트리온, 2017-03-1418:34,한국경제 ,셀트리온헬스케어 상장예비심사 통과,https://finance.naver.com/news/news_read.nhn?article_id=0003740947&office_id=015&mode=search&query=셀트리온&page=1,"['       셀트리온헬스케어 상장예비심사 통과      기사입력2017-03-14 18:34기사원문좋아요훈훈해요좋아요 평가하기공감좋아요0훈훈해요0슬퍼요0화나요0후속기사 원해요0댓글 [ 이고운 기자  ] 셀트리온 관계사인 셀트리온헬스케어가 상장예비심사를 통과하고 기업공개(IPO) 채비에 나선다.한국거래소 코스닥시장본부는 14일 상장위원회를 열고 셀트리온헬스케어의 상장 승인 결정을 내렸다. 회사는 이르면 4월 초 상장을 목표로 관련 절차에 들어갈 계획이다.셀트리온헬스케어는 셀트리온의 바이오시밀러인 램시마 등의 해외 판매를 담당하는 회사로 올 상반기 코스닥시장 IPO ‘최대어’로 꼽힌다. 장외시장에서 거래되는 가격(주당 약 4만6000원)을 기준으로 하면 시가총액은 5조원에 이른다. 회사 측은 공모 규모를 놓고 막바지 논의에 들어간 상태다. 지난해 말부터 미국 판매를 시작한 램시마 매출이 실적에 본격적으로 반영되는 올해가 상장 적기라는 평가다.최대주주는 서정진 셀트리온 회장으로 지분 44.45%를 보유하고 있다.이고운 기자 ccat@hankyung.com[한경닷컴 바로가기] [스내커] [모바일한경 구독신청] ⓒ 한국경제 & hankyung.com, 무단전재 및 재배포 금지한국경제 관련뉴스해당 언론사에서 선정하며 언론사 페이지(아웃링크)로 이동해 볼 수 있습니다.31억7000만원에 팔린 압구정 현대, 6개월 만에…""편의점도 밤 12시에 문 닫을 판…"" 무슨 일이?女 신체 몰래 촬영하다 걸린 고대생 정체가…길거리서 전단지 500장 돌리고 받은 돈이…불닭볶음면, 불티나게 팔리더니…""이럴 수가""좋아요0훈훈해요0슬퍼요0화나요0후속기사 원해요0기사제공 :']"
3,셀트리온, 2017-03-1417:47,매일경제 ,"삼성바이오로직스 시총, 셀트리온 역전 코앞",https://finance.naver.com/news/news_read.nhn?article_id=0003904619&office_id=009&mode=search&query=셀트리온&page=1,"['       삼성바이오로직스 시총, 셀트리온 역전 코앞      기사입력2017-03-14 17:47기사원문좋아요훈훈해요좋아요 평가하기공감좋아요0훈훈해요0슬퍼요0화나요0후속기사 원해요0댓글투자효과·특허소송 승소…올 들어 주가 14% 급등시총 4개월새 2조 `껑충`■ 바이오 대장株 뒤바뀌나  삼성바이오로직스가 바이오 업종 대장주 자리를 노리고 있다. 악재에도 꾸준히 주가 강세가 지속되면서 상승세가 주춤한 셀트리온과의 시가총액 격차를 크게 좁힌 상황이다. \'삼성\'이라는 프리미엄과 바이오시밀러시장에서의 성장 기대감이 주가 상승을 견인하고 있지만 전문가들은 본격적인 실적 개선 시기가 여전히 불확실하다는 점을 위험 요인으로 꼽고 있다.14일 유가증권시장에서 삼성바이오로직스는 전 거래일 대비 1.16% 내린 17만1000원에 거래를 마쳤다. 연초부터 전날까지 주가는 13.9% 올라 같은 기간 유가증권시장 48개(우선주 포함) 의약업종 주가 상승률인 2.2%를 크게 웃돌았다. 외국인들은 이 기간 21만6600여 주(380억원어치)를 순매수하며 삼성바이오로직스의 상승세를 이끌었다.투자심리를 위축시킬 만한 악재가 겹치고 있음에도 주가는 크게 흔들리지 않고 있다. 그룹 계열사 경영 전반에 부정적인 총수 구속수사에 이어 지난 13일 장 마감 후에는 자회사 삼성바이오에피스의 감사보고서 지연 사유로 한국거래소에서 불성실 공시 법인 지정 예고까지 받았으나 영향은 제한적이다.주가 상승에 힘입어 시가총액도 상승 곡선을 그리고 있다. 지난해 11월 10일 상장 당시만 해도 9조5000억원 수준이던 시가총액은 4개월여 만에 11조원대까지 늘어났다. 의약업종 대장주 자리를 지켜왔던 셀트리온이 이달 들어 다시 주당 9만원대로 떨어지면서 두 종목 간 시가총액 차이는 사실상 없어졌다. 지난 13일에는 삼성바이오로직스의 시가총액이 11조4465억원, 셀트리온이 11조4849억원으로 격차가 400억원가량으로까지 좁혀졌다.이 같은 삼성바이오로직스의 주가 상승세의 근간은 미래 실적에 대한 믿음에서 나온다. 삼성바이오로직스는 공장 증설 등 대규모 초기 비용을 투입하면서 2012년부터 2015년까지 연간 2000억원 안팎 영업손실을 쌓아왔다. 그러나 지난해 실적부터는 자본 투입의 효과가 나타나기 시작했다. 별도 기준 매출액은 2946억원으로 전년 대비 221% 증가했으며 영업손실도 304억원으로 적자폭을 크게 줄였다. 여기에 지난 3일 바이오의약품 \'휴미라\' 특허 무효소송에서 처음으로 승소한 것도 긍정적으로 작용했다. 다만 실적 불확실성에 대한 우려는 여전하다. 곽진희 유진투자증권 연구원은 ""삼성바이오로직스가 바이오의약품 위탁생산(CMO) 부문과 바이오시밀러 분야에서 가시적인 성과를 거둘 것으로 예상되고 있지만 긍정적 전망이 실제 실적과 얼마나 부합될지는 지켜봐야 할 것""이라고 설명했다.  [김대기 기자 / 이용건 기자][매일경제 공식 페이스북] [오늘의 인기뉴스] [매경 프리미엄][ⓒ 매일경제 & mk.co.kr, 무단전재 및 재배포 금지]매일경제 관련뉴스해당 언론사에서 선정하며 언론사 페이지(아웃링크)로 이동해 볼 수 있습니다.서정희, 발레리나로 변신…""58세 맞아?"" 보디라인 甲사드 맹비난하더니…中, 韓日전역감시 레이더 설치류현진, 17일(한국시간) 컵스전 등판...감독 발표누드영상 파문에도 입영 결심한 美 새내기 해병TFC걸 류지혜, 둘째 가라면 서러울 글래머 몸매 자랑좋아요0훈훈해요0슬퍼요0화나요0후속기사 원해요0기사제공 :']"
4,셀트리온, 2017-03-1417:35,뉴시스 ,"셀트리온헬스케어, 코스닥 상장예비심사 통과",https://finance.naver.com/news/news_read.nhn?article_id=0007827775&office_id=003&mode=search&query=셀트리온&page=1,"['       셀트리온헬스케어, 코스닥 상장예비심사 통과      기사입력2017-03-14 17:35기사원문좋아요훈훈해요좋아요 평가하기공감좋아요0훈훈해요0슬퍼요0화나요0후속기사 원해요0댓글 【서울=뉴시스】김경원 기자 = 한국거래소 코스닥시장본부는 코스닥시장 상장위원회의 심의를 거쳐 셀트리온헬스케어의 신규상장을 승인했다고 14일 밝혔다.  지난 1999년에 설립된 셀트리온헬스케어는 램시마, 허쥬마, 트룩시마 등 바이오시밀러 도매업체다. 지난해 매출액은 7577억4100만원, 순이익은 1228억9600만원을 시현했다.  이 회사의 주요 주주는 44.12%의 지분을 보유한 서정진 외 8인(45.23%)이다.  공모예정금액은 8193억~1조97억원이다. 주당 예정발행가는 3만3300~4만1000원이다. 상장주선인은 미래에셋대우와 UBS이다.  kimkw@newsis.com뉴시스 뉴스, 네이버 뉴스 스탠드에서도 만나세요뉴시스 SNS [페이스북] [트위터]뉴시스 관련뉴스해당 언론사에서 선정하며 언론사 페이지(아웃링크)로 이동해 볼 수 있습니다.""피임약 먹어!""…10대 동거녀 성매매 강요\'입술서 DNA 검출\' 투숙객 성폭행 시도 종업원 구속""축제때 성범죄 위험""…기숙사 여학생 외출금지 논란\'피의자 박근혜\' 예우는 없다…검찰 강경 모드삼성, \'이건희 동영상\' 일당에 2억원 이상 줬다좋아요0훈훈해요0슬퍼요0화나요0후속기사 원해요0기사제공 :']"
5,셀트리온, 2017-03-1417:07,이데일리 ,"[마켓인]셀트리온헬스케어, 코스닥 상장예비심사 통과",https://finance.naver.com/news/news_read.nhn?article_id=0003772435&office_id=018&mode=search&query=셀트리온&page=1,"[""       [마켓인]셀트리온헬스케어, 코스닥 상장예비심사 통과      기사입력2017-03-14 17:07기사원문좋아요훈훈해요좋아요 평가하기공감좋아요0훈훈해요0슬퍼요0화나요0후속기사 원해요0댓글 [이데일리 신상건 기자] 한국거래소 코스닥시장본부는 14일 코스닥시장 상장위원회의 심의를 거쳐 셀트리온헬스케어의 상장예비심사를 승인했다고 밝혔다. 셀트리온헬스케어는 다음 달 중 상장을 마무리한다는 계획이다. 셀트리온헬스케어는 셀트리온의 바이오의약품 유통과 판매를 맡은 계열사다. 셀트리온헬스케어의 총 발행주식수는 1억1208만4120주이다. 현재 장외시장 가격(약 4만6900원)을 고려하면 예상 시가총액은 5~6조원에 달할 전망이다. 주요주주는 서정진(44.12%) 셀트리온 회장외 8인이다. 지난해 기준 매출액은 7577억원, 당기순이익은 1229억원을 기록했다. 셀트리온헬스케어는 기업의 영업 활동을 통해 판매하거나 생산을 목적으로 보유하고 있는 재고자산이 매출액과 비교해 과도하다는 회계 이슈가 존재하고 있다. 셀트리온헬스케어의 2015년 말 연결재무제표 기준 재고 자산은 1조3993억원을 기록했다. 2015년 매출 4024억원과 세 배, 지난해 매출과 비교했을 때 두 배 가량 많은 금액이다.신상건 (adonis@edaily.co.kr)＜ⓒ종합 경제정보 미디어 이데일리 - 무단전재 & 재배포 금지＞이데일리 관련뉴스해당 언론사에서 선정하며 언론사 페이지(아웃링크)로 이동해 볼 수 있습니다.[르포]中사드보복에도 면세점 호황?…신세계 '반사이익' 보따리상 줄섰다[전문]김진태, 대선 출마선언..애국시민 손 떨치기 어려웠다문재인 치매설에 더문캠 발끈..한놈만 팬다, 걸리면 죽는다박근혜 전 대통령 고정수입 月 160만원..300억 뇌물수수 의혹 밝혀야문재인 누구든 자신..안희정 9회말 역전홈런좋아요0훈훈해요0슬퍼요0화나요0후속기사 원해요0기사제공 :""]"
6,셀트리온, 2017-03-1417:07,조선비즈 ,[인베스트조선] 셀트리온헬스케어 1조원 공모한다...예상 시총 4.6兆,https://finance.naver.com/news/news_read.nhn?article_id=0000362643&office_id=366&mode=search&query=셀트리온&page=1,"['       [인베스트조선] 셀트리온헬스케어 1조원 공모한다...예상 시총 4.6兆      기사입력2017-03-14 17:07기사원문좋아요훈훈해요좋아요 평가하기공감좋아요0훈훈해요0슬퍼요0화나요0후속기사 원해요0댓글14일 거래소 상장예비심사 통과 공모규모 8000억~1조원, 주당가격 3만3300~4만1000원 예상 시총 최대 4조6000억 셀트리온헬스케어가 기업공개를 통해 최대 1조원의 자금을 확보한다.14일 셀트리온헬스케어는 거래소의 코스닥 시장 상장예비심사를 통과했다. 셀트리온헬스케어의 공모예정금액은 8193억원∼1조97억원이다.주당 가격은 3만3300원∼4만1000원으로 확정했다. 희망공모가를 기준으로 평가한 셀트리온헬스케어의 예상 시가총액은 3조7300억~4조6000억원이다.이날 셀트리온헬스케어의 지난해 연간 실적이 공개됐다. 지난해 셀트리온헬스케어는 매출액 7577억원, 순이익 1228억원을 기록했다. 2015년 말 기준 셀트리온헬스케어의 매출액은 4023억원, 순이익은 286억원이었다.[인베스트조선 유료서비스 2017년 03월 14일 17:05 게재][조윤희 기자]chosunbiz.com좋아요0훈훈해요0슬퍼요0화나요0후속기사 원해요0기사제공 :']"
7,셀트리온, 2017-03-1417:06,아시아경제 ,셀트리온헬스케어 상장예비심사 승인…서정진 회장이 44% 지분 소유,https://finance.naver.com/news/news_read.nhn?article_id=0003952869&office_id=277&mode=search&query=셀트리온&page=1,"['       셀트리온헬스케어 상장예비심사 승인…서정진 회장이 44% 지분 소유      기사입력2017-03-14 17:06기사원문좋아요훈훈해요좋아요 평가하기공감좋아요0훈훈해요0슬퍼요0화나요0후속기사 원해요0댓글 [아시아경제 박철응 기자]한국거래소 코스닥시장본부는 14일 코스닥시장 상장위원회의 심의를 거쳐 셀트리온헬스케어 상장예비심사 승인했다고 밝혔다. 1999년 설립된 의약품 도매업체다. 주요 제품은 바이오시밀러 램시마, 허쥬마, 트룩시마 등이다. 지난해 매출액은 7577억4100만원, 순이익은 1228억9600만원이다. 현재 자본금은 1120억8400만원이다. 서정진 셀트리온 회장(44.12%) 외 8명이 45.23%의 지분을 갖고 있다. 종업원 수는 122명이며 공모 예정금액은 8193억∼1조97억원이다. 주당 예정 발행가는 3만3300∼4만1000원이며 액면가는 1000원이다. 미래에셋대우와 UBS가 상장 주선했다. 박철응 기자 hero@asiae.co.kr▶ 세상의 모든 재미 [티잼]▶ 카드뉴스 ▶ 오늘의 운세아시아경제 관련뉴스해당 언론사에서 선정하며 언론사 페이지(아웃링크)로 이동해 볼 수 있습니다.[속보]""황교안 특례다"" 한국당 2차 탈당이…[속보]\'선의 논란\' 안희정, 한국당과 전격…[속보]\'박근혜 지키미\' 박사모인 줄 알았는데…충격""생각 좀 해"" 박근혜 사저 인근 주민의 호통목숨 내놓겠다 큰소리 치던 정미홍 알고보니좋아요0훈훈해요0슬퍼요0화나요0후속기사 원해요0기사제공 :']"
8,셀트리온, 2017-03-1416:51,파이낸셜뉴스 ,[마감시황]정치 불확실성 해소..코스피 2130선 돌파,https://finance.naver.com/news/news_read.nhn?article_id=0003789148&office_id=014&mode=search&query=셀트리온&page=1,"[""       [마감시황]정치 불확실성 해소..코스피 2130선 돌파       기사입력2017-03-14 16:51기사원문좋아요훈훈해요좋아요 평가하기공감좋아요0훈훈해요0슬퍼요0화나요0후속기사 원해요0댓글  코스피 지수가 박근혜 전 대통령 탄핵 결정 이후 사흘 연속 랠리를 이어가며 2130선을 돌파했다.  코스피 지수는 14일 전 거래일보다 16.19포인트(0.76%)상승한 2133.78에 거래를 마쳤다. 이날 오전 개장 초반부터 2130선에 근접했던 코스피지수는 오후들어 2130선에서 등락을 반복하며 2130선을 넘기며 연중 최고치로 장을 마감했다. 코스피가 2130선을 넘어 장을 마친 건 지난 2015년 5월 26일(2143.50) 이후 22개월만이다.  특히 이날은 시가총액도 전날에 이어 1380조7240억원으로 사상최대를 기록했다.  코스피 지수를 견인하는 투자 주체는 외국인이다.  이날 유가증권시장에서 외국인은 4011억원을 홀로 순매수했으며 개인과 기관은 각각 527억원, 4013억원 순매도했다.  업종별로는 혼조세를 보였다.  보험(2.90%), 유통업(2.40%), 기계(1.64%), 금융업(1.51%), 전기전자(1.42%)의 강세가 두드러졌고, 의약품(-1.42%), 섬유의복(-1.26%) 등은 약세를 보였다.  대장주인 삼성전자(1.87%)도 코스피 랠리를 타고 이틀째 상승세를 보이며 206만8000원에 마감했다.  반면 이날 코스닥지수는 전날보다 1.47포인트(0.24%) 내린 614.12를 기록했다.  코스닥 지수는 1.48포인트(0.24%) 오른 617.07로 출발했으나 외국인과 기관의 동반 매도세에 약세로 돌아선 뒤 하락마감했다.  이날 코스닥 시장에서 기관은 384억원을, 외국인은 18억원을 순매도했고 개인은 452억원을 순매수했다.  시가총액 상위종목 가운데서는 로엔(0.47%)만 올랐고 나머지 셀트리온(-0.51%), 카카오(-1.53%), CJ E&M(-2.39%), 메디톡스(-0.73%), 코미팜(-1.94%), 바이로메드(-0.43%), 컴투스(0.27%), GS홈쇼핑(0.19%) 등이 줄줄이 하락하며 전멸했다.  이날 서울 외환시장에서 원·달러 환율은 전날보다 4원40전 오른 1,148원80전에 거래를 마감했다.   pja@fnnews.com 박지애 기자   ▶ 세상의 모든 골 때리는 이야기 'fn파스'▶ 속보이는 연예뉴스 fn스타  ※ 저작권자 ⓒ  파이낸셜뉴스. 무단 전재-재배포 금지파이낸셜뉴스 관련뉴스해당 언론사에서 선정하며 언론사 페이지(아웃링크)로 이동해 볼 수 있습니다.박근혜 변호인 김평우, 朴 사저에서 문전박대 당하자 하는 말이..김문수 '9급 공무원도 이렇게 파면 안한다'승무원이 기내에서 비키니쇼..대박난 사장님안민석, 최순실·정윤회 결혼 미스테리에 대해 입 열다'누가 봐도 성행위 묘사'.. 카카오의 묘한 '이모티콘'좋아요0훈훈해요0슬퍼요0화나요0후속기사 원해요0기사제공 :""]"
9,셀트리온, 2017-03-1416:20,머니S ,"코스닥, 기관·외국인 동반 매도… 614.12 마감",https://finance.naver.com/news/news_read.nhn?article_id=0000237798&office_id=417&mode=search&query=셀트리온&page=1,"['       코스닥, 기관·외국인 동반 매도… 614.12 마감      기사입력2017-03-14 16:20기사원문좋아요훈훈해요좋아요 평가하기공감좋아요0훈훈해요0슬퍼요0화나요0후속기사 원해요0댓글본문 이미지 영역코스닥 시황. /사진=머니S DB코스닥지수가 기관과 외국인의 동반 매도에 하락 마감했다.14일 한국거래소에 따르면 이날 코스닥지수는 전 거래일보다 1.47포인트(0.24%) 하락한 614.12에 장을 마감했다.이날 거래량은 10억5198만주로, 거래대금은 3조4545억원으로 잠정 집계됐다. 투자주체별 동향을 살펴보면 기관과 외국인은 각각 384억원, 18억원 순매도한 반면 개인은 451억원의 매수 우위를 보였다.업종별로는 혼조세를 보였다. 섬유의류가 3% 이상 올랐고 금속, 건설, 정보기기, 비금속 등은 강세였다. 반면 인터넷, 디지털컨텐츠, 운송이 1% 이상 하락했고 통신장비, 반도체, 음식료담배 등은 약세였다.시가총액상위권 종목들은 혼조세를 보였다. CJ E&M, 제넥신 등은 2% 이상의 하락률을 기록했고 카카오, 코미팜, 바이로메드, 컴투스, GS홈쇼핑, 파라다이스 등은 약세를 보였다. 반면 원익IPS, 신라젠은 2% 이상 올랐고 셀트리온, 이오테크닉스, CJ오쇼핑, 코오롱생명과학 등도 강세였다.개별종목으로는 웹스가 국내 최초로 개발한 WPC를 통해 생태하천복원 사업을 비롯해 공원 조성 사업 등에 공급하고 있다는 소식에 상한가를 기록했다.이날 상승 종목 수는 상한가 종목 5개를 포함해 515개를 기록했고 하락 종목 수는 581개를 기록했다.실시간 재테크 경제뉴스│창업정보의 모든 것장효원 기자 specialjhw@mt.co.kr머니S 관련뉴스해당 언론사에서 선정하며 언론사 페이지(아웃링크)로 이동해 볼 수 있습니다.국내 건설사, 터키·스페인 활로 모색한다강릉 눈, 산간 최대 10cm… 기상청 ""교통 안전 유의""김진태 대선출마 ""고민할 겨를 없었다… 한식에 죽으나 청명에 죽으나 가볼 것""김진태 대선 출마, 박지원 ""국민은 역사를 보고 대통령 선택""[환율마감] FOMC 앞두고 전날 하락분 소폭 회복… 4.4원↑ 1148.4원좋아요0훈훈해요0슬퍼요0화나요0후속기사 원해요0기사제공 :']"
10,셀트리온, 2017-03-1416:06,이데일리 ,[마감]코스닥 나흘만에 하락..외국인·기관 동반 순매도,https://finance.naver.com/news/news_read.nhn?article_id=0003772328&office_id=018&mode=search&query=셀트리온&page=1,"[""       [마감]코스닥 나흘만에 하락..외국인·기관 동반 순매도      기사입력2017-03-14 16:06기사원문좋아요훈훈해요좋아요 평가하기공감좋아요0훈훈해요0슬퍼요0화나요0후속기사 원해요0댓글- 시가총액 상위 종목들 줄줄이 하락[이데일리 최정희 기자] 코스닥 지수가 나흘만에 하락했다. 미국 기준금리 인상 우려에도 코스피 지수가 2130선을 넘어 연중 최고치를 기록한 것과는 사뭇 다른 흐름이다. 코스피 상장 종목을 4000억원 가량 순매수한 외국인도 코스닥에선 순매도 흐름을 보였다. 14일 마켓포인트에 따르면 코스닥 지수는 전 거래일보다 1.47포인트(0.24%) 하락한 614.12로 마감했다. 이날 코스닥 지수는 전 거래일보다 0.24% 상승한 617선에 개장했으나 개장 이후 하락세로 반전하더니 614선에서 움직임을 좁혔다. 수급적으로 보면 개인투자자만 451억원 순매수했다. 외국인과 기관투자자는 각각 18억원, 384억원 순매도하는 흐름을 보였다. 시가총액 상위 종목들은 하락 우위를 보였다. 대장주 셀트리온(068270)은 0.51% 하락했고, 카카오(035720)는 1.53% 내렸다. CJE&M(130960)과 메디톡스(086900)도 각각 2.39%, 0.73% 하락했다. 코미팜(041960), 파라다이스(034230)도 각각 1.94%, 1.13% 하락세를 보였다. 그나마 로엔(016170), 휴젤(145020)이 0.47%, 2.38% 상승했다. 업종별로는 희비가 갈렸다. 금융은 5.54%의 높은 상승률을 보였다. SBI인베스트먼트(019550), 대성창투(027830) 등이 20%대 후반대의 상승률을 보인 영향이다. 섬유의류도 3.22% 올랐다. 지엔코(065060)가 19.61%나 급등한 원인이다. 컴퓨터서비스(0.88%), 정보기기(0.25%), 금속(0.97%) 등도 상승했다. 반면 방송서비스, 인터넷, 디지털컨텐츠, 운송 등은 1%대 하락했다. 이날 거래량은 10억4817만3000주에 달했다. 거래대금은 3조4455억4900만원으로 집계됐다. 상한가 5개 종목을 포함해 515개 종목이 상승했고, 하한가 없이 581개 종목이 하락했다. 122개 종목은 보합권에서 거래를 마쳤다.최정희 (jhid0201@edaily.co.kr)＜ⓒ종합 경제정보 미디어 이데일리 - 무단전재 & 재배포 금지＞이데일리 관련뉴스해당 언론사에서 선정하며 언론사 페이지(아웃링크)로 이동해 볼 수 있습니다.[르포]中사드보복에도 면세점 호황?…신세계 '반사이익' 보따리상 줄섰다[전문]김진태, 대선 출마선언..애국시민 손 떨치기 어려웠다문재인 치매설에 더문캠 발끈..한놈만 팬다, 걸리면 죽는다박근혜 전 대통령 고정수입 月 160만원..300억 뇌물수수 의혹 밝혀야'레드컨테이너에 자리한 컵케이크와 아이스크림의 정체는'.. 성인용?좋아요0훈훈해요0슬퍼요0화나요0후속기사 원해요0기사제공 :""]"
11,셀트리온, 2017-03-1416:01,머니투데이 ,'외국인의 힘' 분위기 탄 삼성바이오로직스,https://finance.naver.com/news/news_read.nhn?article_id=0003838379&office_id=008&mode=search&query=셀트리온&page=1,"['       \'외국인의 힘\' 분위기 탄 삼성바이오로직스      기사입력2017-03-14 16:01기사원문좋아요훈훈해요좋아요 평가하기공감좋아요0훈훈해요0슬퍼요0화나요0후속기사 원해요0댓글 [머니투데이 김주현 기자] [한달 새 주가 9.3%↑…시가총액 11조3142억원, 셀트리온 턱밑까지]삼성바이오로직스가 외국인과 기관 동반 매수에 힘입어 상향 곡선을 그리고 있다. 자회사 삼성바이오에피스 특허 무효소송 승소 소식과 코스피200 지수 편입 기대감에 매수가 몰리는 것으로 풀이된다. 14일 증시에서 삼성바이오로직스는 전날보다 0.87%(1500원) 하락한 17만1500원에 거래를 마쳤다. 전날 자회사 삼성바이오에피스 감사보고서 공시를 지연했다는 이유로 불성실공시법인 지정예고를 받자 투심이 약화된 것으로 풀이된다. 주가엔 제동이 걸렸지만 외국인 매수세는 이어졌다. 이날 외국인은 1만2059주(20억8000만원어치)를 순매수했다. 매수 상위 창구에는 외국계 증권사 UBS가 이름을 올렸다. 최근 한 달 동안 외국인은 16만1110주(277억8000만원), 기관은 6만3312주(109억9200만원)를 순매수했다. 이 기간 주가는 9.3% 상승했다. 자회사 바이오에피스가 휴미라 바이오시밀러 관련 특허 무효소송에서 승소했다는 소식에 주가는 탄력을 받았다. 류마티스 관절염 치료제인 휴미라는 류마티스 처방 수요가 많고 특허로 인한 진입장벽이 높은 탓에 삼성바이오에피스가 큰 기대를 걸고 있는 파이프라인이다. 휴미라 특허는 다국적 제약사 애브비가 가지고 있는데, 유럽 물질특허 만료예정일은 2018년 10월이다. 애브비가 특허연장 전략으로 만료 기간을 미뤘지만 바이오에피스가 무효소송에서 승소하면서 휴미라 바이오시밀러 유럽 출시 시기가 앞당겨질 가능성이 높아졌다. 한 증권사 애널리스트는 ""특허 관련 문제는 법률 판단이 걸려 있어 향후 진행방향을 예상하기는 어렵다""면서도 ""2018년 애브비 특허가 만료되면 삼성바이오에피스가 유럽에 제품 출시를 추진할 것""이라고 전망했다. 이밖에 오는 6월 삼성바이오로직스가 코스피200지수에 편입될 것이라는 기대감도 주가를 끌어올리고 있다. 현재로서는 변수가 없는 한 삼성바이오로직스의 6월 코스피200지수 편입은 확정적이다. 한 증권사 애널리스트는 ""편입 직후에 주가가 빠질 수 있지만 그 전까지는 자금 유입 기대감으로 주가 상승이 이어질 것""이라고 전망했다. 다만 지속되는 적자와 미래가치를 예측할 수 없다는 불확실성은 여전히 존재한다. 증권업계 관계자는 ""삼성바이오로직스의 적자가 지속되고 있어 밸류에이션(기업가치평가) 측면에서 극복하기 어려운 부분이 있고, 바이오에피스도 연구개발(R&D) 비용이 많이 들어 흑자전환 시점을 예측하기 힘들다""고 말했다. 한편 삼성바이오로직스는 상장 첫날 종가기준으로 9조5280억원 수준이던 시가총액이 약 11조3142억원으로 늘어나 바이오 대장주 셀트리온을 위협하고 있다. 이날 종가기준으로 셀트리온 시가총액은 약 11조4266억원이다.[▶깊이있는 투자정보 \'TOM칼럼\'][▶트렌드 리더의 스타일 지침서 \'스타일M\'][▶빵빵한 차&레이싱걸]김주현 기자 naro@머니투데이 관련뉴스해당 언론사에서 선정하며 언론사 페이지(아웃링크)로 이동해 볼 수 있습니다.""박前대통령, 얼굴 거멓게 될정도로 우시더라…""朴 전 대통령은 왜 \'탄핵 기각\'을 확신했나\'朴 사저 동행\' 윤전추 행정관, 현직 신분 수행 논란식용유·되팔이 \'대왕카스테라\' 논란…""뭘 믿고 먹나""5월 연휴 변수된 대선일정…""황금연휴는 없다""좋아요0훈훈해요0슬퍼요0화나요0후속기사 원해요0기사제공 :']"
12,셀트리온, 2017-03-1416:00,헤럴드경제 ,[마감시황]삼성전자 사상최고 경신행진에 코스피 22개월만에 최고,https://finance.naver.com/news/news_read.nhn?article_id=0001210163&office_id=016&mode=search&query=셀트리온&page=1,"['       [마감시황]삼성전자 사상최고 경신행진에 코스피 22개월만에 최고      기사입력2017-03-14 16:00기사원문좋아요훈훈해요좋아요 평가하기공감좋아요0훈훈해요0슬퍼요0화나요0후속기사 원해요0댓글 [헤럴드경제=문영규 기자]코스피(KOSPI) 지수가 봄바람을 타고 14일 2130선까지 올라서며\xa0연중 최고 기록을 이어나갔다. 삼성전자 역시 사상최고치 경신행진을 이어갔다.박근혜 전 대통령에 대한 파면 결정 이후 분위기 반전에 나선 증시는 이날도 전 거래일보다 16.19포인트(0.76%) 높은 2133.78로 장을 마감했다. 장 막판 코스피는 2135.50까지 올랐으며, 지난 2015년 5월 이후 최고치를 기록했다.시가총액은 전날에 이어 1380조7240억원으로 사상최대를 기록했다.[사진제공=연합뉴스]전날에 이어 기관과 개인의 매도세에 외인들의 매수가 이어지며 지수가 상승했다. 기관은 4016억원을 팔아치웠고 개인은 524억원을 순매도했지만 외인은 4012억원을 순매수하며 지수를 끌어올렸다.시가총액 상위종목은 여전히 삼성전자가 장중 상승흐름을 주도했다. 삼성전자는 장중 207만7000원까지 치솟았으나 전날보다 1.87% 오른 206만8000원에 장을 마감했다.삼성전자우(2.22%), 현대차(2.05%), 한국전력(0.12%), 현대모비스(1.44%), 신한지주(1.33%) 등이 올랐다. 삼성물산은 9.09% 급등하며 시총순위 7위로 뛰었다.SK하이닉스(-1.37%), 네이버(NAVER)(-1.33%), 포스코(POSCO)(-0.36%)은 상승장에 올라타지 못했다.업종별로는 보험업(2.90%), 유통업(2.40%), 금융업(1.51%), 기계(1.64%), 전기전자(1.42%) 등의 강세가 이어졌으나 의약품(-1.52%), 섬유의복(-1.26%), 비금속(-0.61%) 등은 하락했다.그러나 코스닥 지수는 전날보다 1.47포인트(-0.24%) 내린 614.12를 기록했다.코스닥은 기관과 외인이 동반매도하고 개인이 사들였다. 이날 기관은 384억원을, 외인은 18억원을 순매도했고 개인은 452억원을 순매수했다.시가총액 상위종목 가운데서는 로엔(0.47%)만 올랐고 나머지 셀트리온(-0.51%), 카카오(-1.53%), CJ E&M(-2.39%), 메디톡스(-0.73%), 코미팜(-1.94%), 바이로메드(-0.43%), 컴투스(0.27%), GS홈쇼핑(0.19%) 등이 줄줄이 하락하며 전멸했다.SK머티리얼즈는 주가가 움직이지 않았다.업종별로는 금융(5.54%), 섬유의류(3.22%), 금속(0.97%), 컴퓨터서비스(0.88%), 건설(0.76%) 등이 올랐으나 운송(-1.62%), 인터넷(-1.31%), 디지털컨텐츠(-1.07%) 등은 내렸다.한편 서울 외환시장에서 원/달러 환율은 전 거래일보다 4.4원 오른 1148.8원에 마감했다.ygmoon@heraldcorp.com▶영감이란 불꽃에 타오르게할 스토리(INSPIRE)▶인기 무료 만화 ▶나만의 변호사 찾기 - Copyrights ⓒ 헤럴드경제 & heraldbiz.com, 무단 전재 및 재배포 금지 -헤럴드경제 관련뉴스해당 언론사에서 선정하며 언론사 페이지(아웃링크)로 이동해 볼 수 있습니다.문재인 치매설 왜 떴나…A부터 Z까지 총정리김우리 ""고영태 끼많고 누나들이 예뻐해, 최순실과는…""나경원, 한국당 남은 이유 ""바람난 남편 왜 이혼해주나""그 정미홍마저 ""박근혜 전 대통령은 영…""최순실, 몰래 朴 사저 집기 장시호 거처로 옮겨좋아요0훈훈해요0슬퍼요0화나요0후속기사 원해요0기사제공 :']"
13,셀트리온, 2017-03-1415:55,머니투데이 ,[시황종합]코스피 외인 '사자' 2130선 돌파... 삼성電 최고가,https://finance.naver.com/news/news_read.nhn?article_id=0003838373&office_id=008&mode=search&query=셀트리온&page=1,"['       [시황종합]코스피 외인 \'사자\' 2130선 돌파... 삼성電 최고가       기사입력2017-03-14 15:55기사원문좋아요훈훈해요좋아요 평가하기공감좋아요0훈훈해요0슬퍼요0화나요0후속기사 원해요0댓글종합주가지수3,161.66▼47.772021.05.12 장종료 [머니투데이 송선옥 기자] [\'지배구조 개편 예정대로\' 삼성물산 9% 상승 등 삼성그룹주 강세... 대선 관련주 \'들썩\' ]코스피 시장이 14일 외국인의 순매수에 힘입어 2130선을 돌파했다. 오는 14~15일(현지시간) 예정된 미국 3월 FOMC(연방공개시장위원회)에서 연방준비제도이사회(연준)이 기준금리를 인상할 것이란 전망이 확대된 가운데 외국인이 현선물 순매수를 기록하며 지수 상승을 견인했다. 미국의 기준금리 인상 전망에 금융주 등이 상승마감했다. 특히 삼성그룹이 삼성전자 지주회사 전환을 예정대로 할 것이라고 밝히면서 삼성전자가 전일에 이어 사상 최고가 행진을 이어갔으며 삼성그룹주가 일제히 올랐다. 김성환 부국증권 연구원은 “연준의 기준금리 인상으로 달러의 점진적인 상승이 부담되나 국내 증시의 외국인 자금이탈 조짐이 관찰되지 않는다는 점이 고무적”이라며 “이는 연준의 긴축 행보를 단순한 유동성 축소로 해석하기 보다는 경기회복 시그널로 받아들이고 있음을 의미하는 것으로 신흥국이 이러한 정황을 보다 완연하게 반영하고 있다”고 말했다. ◇코스피 22개월새 최고치=코스피 지수는 전일대비 16.19포인트(0.76%) 오른 2133.78로 마감했다. 사흘째 상승으로 종가기준으로는 2015년5월26일 2143.50 이후 최고치다. 코스피 지수는 장중 2135.50까지 오르기도 했다. 코스피 시장에서는 외국인이 4011억원을 순매수, 7거래일 연속 ‘사자’세를 이어갔다. 기관이 4015억원 순매도이며 개인도 524억원 순매도다.  프로그램 매매는 차익거래 688억원 순매도, 비차익거래 2475억원 순매도 등 전체 3164억원 매도 우위다. 지수선물 시장에서는 외국인이 장 막판 ‘팔자’로 전환, 56계약 순매도다. 개인이 859계약 순매도이나 기관이 1013계약 순매수다.  업종 중에서는 등락이 엇갈렸다. 보험이 2.90% 올랐으며 삼성물산이 포함된 유통업이 2.40% 상승했다. 기계 전기전자 금융업 등이 1%대 상승을 기록했다. 의약품 철강금속 의료정밀 건설업 통신업 은행 등이 내렸다. 시가총액 상위종목 상당수가 올랐다. 삼성전자는 전일대비 3만8000원(1.87%) 오른 206만8000원으로 마감하며 종가 기준으로 사상 최고가를 기록했다. 삼성전자는 한때 207만7000원을 기록, 전일에 이어 사상 최고가를 또 갈아치웠다. 이상훈 삼성전자 경영지원실장(사장)은 이날 서울 중구 대한상의에서 열린 국세청장 초청 정책간담회에서 “지주회사 전환에 대한 검토는 주주들과 약속한 사안이기에 그룹의 이슈와 관계없이 차질없이 검토하고 예정대로 발표할 것”이라고 말했다.   이어 “해외에도 삼성전자 주주들이 있다는 점을 감안해 발표 방식은 지난해 11월과 같은 컨퍼런스콜 등의 방안을 검토중이나 아직 확정되지 않았다”고 덧붙였다.시장에서는 그동안 이재용 삼성전자 부회장의 구속으로 삼성그룹의 지배구조 개편이 지연될 것이라는 우려가 제기돼 왔으나 이날 삼성의 발표로 이 같은 우려를 불식시켰다는 평가다. 삼성그룹 지배구조 개편의 수혜주로 거론되는 삼성물산이 9.09% 급등하며 단숨에 13만원을 돌파했다. 삼성생명이 4.59% 올랐으며 삼성화재가 2.92% 상승했다. 삼성에스디에스가 5.10% 오른 가운데 삼성SDI가 1.91% 상승마감했다. 삼성SDI는 장중 13만5000원을 기록하며 52주 신고가를 갈아치웠다. 삼성전기는 1.63% 올랐다. 현대차가 2.05% 올랐으며 현대모비스 SK텔레콤 LG화학 등이 상승마감했다. SK하이닉스 NAVER POSCO 아모레퍼시픽 등이 내렸다. LG전자가 새 전략 스마트폰 G6에 대한 기대감으로 2.76% 올랐다. LG전자도 장중 6만7400원을 기록하며 52주 신고가를 새로 작성했다. KB금융 신한지주 하나금융지주 광주은행 우리은행 등 은행주가 미국의 기준금리 인상에 따른 수익개선 기대감에 52주 신고가를 경신했다. 증시 상승으로 NH투자증권 미래에셋대우 등 증권주도 52주 신고가를 갈아치웠다. 현대건설이 현대엔지니어링과 공동으로 이란에서 3조8000억원 규모의 해외건설을 수주했다는 소식에 장중 52주 신고가 4만9400원을 작성했으나 차익실현 매도로 0.41% 하락 반전했다. 쌍방울이 지난해 영업적자 151억원을 기록했다는 소식에 1.90% 빠졌다. 선박투자회사 코리아02호 코리아03호 코리아04호를 비롯해 태영건설우가 상한가로 마감했다. 316개 종목이 상승, 462개 종목이 하락했다. ◇조기대선 관련주 들썩=코스닥 지수는 1.47포인트(0.24%) 내린 614.12로 장을 마쳤다. 코스닥 지수는 장중 617.21까지 올랐으나 반락했다.  코스닥 시장에서는 외국인과 기관이 각각 18억원, 384억원 순매도이나 개인이 451억원 순매수다. 업종 중에서는 섬유의류가 3.22% 오른 가운데 컴퓨터서비스 정보기기 IT부품 비금속 금속 등이 상승했다. 디지털컨텐츠 화학 제약 반도체 방송서비스 IT종합 오락문화 등이 내렸다. 시가총액 상위종목 중에서는 CJ E&M이 2.39% 내렸으며 셀트리온 카카오 메디톡스 코미팜 바이로메드 컴투스 파라다이스 등이 하락 마감했다. 휴젤이 2.38% 올랐으며 로엔 원익IPS 신라젠 등이 올랐다. 자율주행차 관련기업인 모바일어플라이언스가 실적 호조와 인텔의 모빌아이 인수 소식에 6.04% 강세다. 모바일어플라이언스는 2016년 매출액과 영업이익이 전년대비 각각 15.7%, 163% 증가한 621억원, 49억원을 기록했다고 전일 공시했다. 이와 함께 인텔은 이스라엘 자율주행 기술 전문업체 모빌아이를 153억달러에 인수했다고 공식 발표했다. 인텔의 가세로 IT 글로벌 기업들의 자율주행차 경쟁이 한층 더 치열해지면서 자율주행차 관련 기업들의 몸값이 올라갈 것이란 전망이 모바이어플라이언스의 주가 상승에 영향을 미친 것으로 풀이된다. 솔루에타가 박동원 대표의 문재인 경선 캠프에 합류했다는 소식에 17.61% 올라 이틀째 급등세를 이어갔다. 솔루에타는 이날 “박동원 대표이사가 더문캠(문재인 경선캠프) 일자리위원회의 위원으로 선임된 것은 사실이나 이는 대표이사의 개인적인 일로 당사의 사업과 기업가치는 전혀 무관하다”고 공시했다. 4대강 복원 기대감에 이화공영과 웹스가 상한가로 마감했다. 이화공영은 건축 토목 전기 소방 등의 건설면허를 보유하고 있으며 웹스는 생태하천 구조 시설물 등에 들어가는 건축외장재 사업을 영위하고 있다. 자연과환경, 특수건설도 각각 3.17%, 8.06% 올랐다. 드론을 개발중인 파인디앤씨가 4차 산업혁명 육성 기대감에 가격제한폭까지 올랐다. SBI인베스트먼트 누리플랜 등 총 5개 종목이 상한가다. 515개 종목이 상승, 581개 종목이 하락했다. 한편 원/달러 환율은 서울 외국환시장에서 전일대비 4.4원 오른 1148.8원으로 마감했다. 코스피200 지수선물 6월물은 2.25포인트(0.82%) 오른 278.00을 기록했다. [▶깊이있는 투자정보 \'TOM칼럼\'][▶트렌드 리더의 스타일 지침서 \'스타일M\'][▶빵빵한 차&레이싱걸]송선옥 기자 oops@mt.co.kr머니투데이 관련뉴스해당 언론사에서 선정하며 언론사 페이지(아웃링크)로 이동해 볼 수 있습니다.""박前대통령, 얼굴 거멓게 될정도로 우시더라…""朴 전 대통령은 왜 \'탄핵 기각\'을 확신했나\'朴 사저 동행\' 윤전추 행정관, 현직 신분 수행 논란식용유·되팔이 \'대왕카스테라\' 논란…""뭘 믿고 먹나""5월 연휴 변수된 대선일정…""황금연휴는 없다""좋아요0훈훈해요0슬퍼요0화나요0후속기사 원해요0기사제공 :']"
14,셀트리온, 2017-03-1415:43,머니투데이 ,"[단독]셀트리온헬스케어 상장 승인 ""4월 상장""",https://finance.naver.com/news/news_read.nhn?article_id=0003838359&office_id=008&mode=search&query=셀트리온&page=1,"['       [단독]셀트리온헬스케어 상장 승인 ""4월 상장""      기사입력2017-03-14 15:43기사원문좋아요훈훈해요좋아요 평가하기공감좋아요0훈훈해요0슬퍼요0화나요0후속기사 원해요0댓글 [머니투데이 김명룡 기자, 안재용 기자] [장외시장 시총 5조 이상…회사측, 증권신고서 곧바로 제출 공모절차 진행]서정진 셀트리온그룹 회장이 지난달 27일 열린 셀트리온그룹 창립 15주년 행사에서 축사를 하고 있다./사진제공=셀트리온장외시장에서 시가총액 5조원이 넘는 셀트리온헬스케어가 14일 한국거래소 상장예비심사를 통과했다. 셀트리온헬스케어는 상장절차에 바로 돌입해 다음 달에는 상장을 마무리할 계획이다. 셀트리온헬스케어가 상장되면 지난해 상장된 삼성바이오로직스(상장시 시총 약 9조원)에 이어 두 번째 규모의 바이오기업 IPO(기업공개)로 기록될 전망이다.거래소는 이날 상장심사위원회를 열어 셀트리온헬스케어가 지난해 12월 제출한 상장예비심사신청을 승인했다. 주관사인 미래에셋대우는 즉시 증권신고서를 제출하고 청약 절차를 거쳐 다음 달 코스닥시장에 상장할 계획이다. 1주당 예정 발행가는 3만3300∼4만1000원으로 이를 감안한 상장후 예상 시가총액은 3조7300억~4조6000억원이다. 공모예정금액은 8193억∼1조97억원으로 바이오 기업 중 삼성바이로직스 공모금액(2조2496원)에 이어 두 번째로 큰 규모다.셀트리온헬스케어 주요주주는 서정진 회장(44.5%), 원에쿼티파트너스(22.3%), 아이온인베스트먼트(11%), 기타주주 (22.3%)다. 셀트리온헬스케어 관계자는 “공모에서 구주매출은 진행하지 않고 신주만 발행할 것”이라며 “상장과 관련한 불안요소를 최대한 배제했다”고 말했다.회사는 당초 코스피상장을 추진했지만 거래소 요구로 코스닥으로 방향을 돌린 것으로 알려졌다. 미래에셋대우 관계자는 “지난해 셀트리온헬스케어 실적 감사보고서를 바탕으로 증권신고서를 작성해 놓았다”며 “곧바로 상장절차에 돌입할 것”이라고 말했다. 셀트리온헬스케어도 상장을 서두르기로 했다. 셀트리온헬스케어 관계자는 “셀트리온의 바이오시밀러(바이오복제약) 해외매출이 본격화되고 있어 셀트리온헬스케어도 적절한 가치를 인정받을 것으로 기대한다”며 “공모자금은 글로벌 마케팅 활동을 강화하는데 사용할 것”이라고 말했다.시장의 관심은 셀트리온헬스케어가 어느 정도의 가치를 인정받느냐다. 셀트리온헬스케어는 셀트리온이 생산하는 바이오의약품 유통을 맡고 있다. 지난해 말부터 항체 바이오시밀러의 세계시장 판매를 시작했다. 셀트리온헬스케어 관계자는 “매출 실적이 나오고 있는 만큼 주가수익비율(PER)을 활용한 방식으로 공모가를 평가할 계획”이라고 말했다. 셀트리온헬스케어는 지난해 매출 7577억원, 순이익 1229억원을 기록했다. 각각 전년대비 88.3%, 329.7% 증가한 호실적이다. 셀트리온 주력상품인 램시마가 미국과 유럽에서 큰 성과를 거둬 셀트리온헬스케어의 지난해 매출과 이익이 모두 큰 폭으로 상승했다. 셀트리온이 올해도 성장세를 이어갈 전망이어서 셀트리온헬스케어 실적도 동반성장할 것으로 기대된다.[▶깊이있는 투자정보 \'TOM칼럼\'][▶트렌드 리더의 스타일 지침서 \'스타일M\'][▶빵빵한 차&레이싱걸]김명룡 기자 dragong@, 안재용 기자 poong@mt.co.kr머니투데이 관련뉴스해당 언론사에서 선정하며 언론사 페이지(아웃링크)로 이동해 볼 수 있습니다.""박前대통령, 얼굴 거멓게 될정도로 우시더라…""朴 전 대통령은 왜 \'탄핵 기각\'을 확신했나\'朴 사저 동행\' 윤전추 행정관, 현직 신분 수행 논란식용유·되팔이 \'대왕카스테라\' 논란…""뭘 믿고 먹나""5월 연휴 변수된 대선일정…""황금연휴는 없다""좋아요0훈훈해요0슬퍼요0화나요0후속기사 원해요0기사제공 :']"
15,셀트리온, 2017-03-1414:54,매일경제 ,"트럼프, 스콧 고틀리브 FDA국장 지명…국내제약사 기대감 ↑",https://finance.naver.com/news/news_read.nhn?article_id=0003904331&office_id=009&mode=search&query=셀트리온&page=1,"['       트럼프, 스콧 고틀리브 FDA국장 지명…국내제약사 기대감 ↑      기사입력2017-03-14 14:54기사원문좋아요훈훈해요좋아요 평가하기공감좋아요0훈훈해요0슬퍼요0화나요0후속기사 원해요0댓글 지난 주말 도널드 트럼프 대통령이 스콧 고틀리브(Scott Gottlieb)를 차기 식품의약국(FDA) 국장으로 지목해 국내제약사들의 수혜에 대한 기대감이 커지고 있다. 14일 업계에 따르면 미국 백악관은 트럼프 대통령이 스콧 고틀리브를 FDA 국장으로 지명할 것이라고 발표했다. 이에 따라 스콧 고틀리브는 향후 상원의 승인을 얻은 이후 FDA를 이끌게 됐다.고틀리브는 의사이며, 조지 W. 부시 행정부에서 FDA 부국장 경험이 있어 유력한 차기 FDA 국장 후보로 지목돼 왔다. 그는 처방약가 인하를 위한 방법으로 허가 과정 현대화와 제네릭(복제약) 간 경쟁 강화를 주장해 왔다. 고틀리브는 의약품 관련 규제 철폐에 적극 나설 것으로 보인다. 특히 제네릭 의약품 신속 승인을 통한 시장 경쟁으로 약가 인하를 유도해야 한다는 입장을 가지고 있어 제네릭과 바이오시밀러에 우호적 환경이 될 것으로 판단된다.이태영 메리츠종금증권 연구원은 ""그의 정책방향을 예상해 보면 신약의 약가는 가격 제한을 통해서가 아닌 규제 완화를 통해 조절하고 특허 만료 제네릭, 특히 일부 독점권을 행사하고 있는 복잡한 제네릭의 경우 진입 장벽을 더욱 낮춰 가격 경쟁을 유발할 것으로 보인다""고 말했다. 다만 그가 제약업계와 월가에 너무 유착돼 FDA 국장으로서 이해관계의 충돌을 불러일으키는 것 아니냐는 비판의 목소리도 나오고 있다. 미국 정부감시단체인 퍼블릭시티즌은 ""그는 지난 2013년부터 2015년까지 제약사들로부터 최소 41만3000달러의 컨설팅비와 발표비를 받았으며, 이러한 정황들로 미뤄 환자보다는 산업계의 이익을 대변해왔던 정부기관들의 추세를 더욱 가속화할 것""이라고 우려했다. 다만 제약업계에 우호적인 인물이었던 만큼 미국 제약바이오 업종 센티멘털(감정적 요소)은 물론 한국 제약업종에도 그의 선임은 호재로 작용할 것으로 전망된다. 허혜민 하이투자증권 연구원은 ""의약품 승인 절차가 빨라질 것으로 보여 미국 FDA 허가 신청을 앞둔 국내 기업들의 신속한 시장 진출이 기대된다""며 ""현재 미국 FDA 허가 신청을 앞둔 국내기업으로는 대웅제약(나보타)과 셀트리온(트룩시마·허쥬마) 등이 있다""고 말했다. 이 연구원은 ""미국에서 희귀의약품과 같이 치료적 미충족수요(Unmet Medical Needs)가 강한 분야에 대해 임상을 진행하고 있는 후보물질 허가기간 단축이 예상된다""고 내다봤다. 국내 파이프라인 가운데 미국 FDA가 희귀의약품으로 지정한 주요후보물질을 보유하고 있는 기업은 신라젠, 메지온, 큐리언트 등이다.[디지털뉴스국 윤호 기자][매일경제 공식 페이스북] [오늘의 인기뉴스] [매경 프리미엄][ⓒ 매일경제 & mk.co.kr, 무단전재 및 재배포 금지]매일경제 관련뉴스해당 언론사에서 선정하며 언론사 페이지(아웃링크)로 이동해 볼 수 있습니다.속옷모델 클라라, 당당한 글래머 몸매 속 볼륨 드러내""朴, 구속사유 상당하지만""…檢, 영장청구 놓고 고심로버츠 ""류현진, 자기 공 던지면 누구와 붙어도 OK""민망한 자동차 광고 ""뒷자석 문 못열어""\'미스롯데\' 서미경 3년 만에 \'부쩍\' 달라진 외모 \'눈길\'좋아요0훈훈해요0슬퍼요0화나요0후속기사 원해요0기사제공 :']"
16,셀트리온, 2017-03-1414:06,헤럴드경제 ,"코스피, 2130선 고지 점령… 삼성전자 207만원 ‘사상최고가’",https://finance.naver.com/news/news_read.nhn?article_id=0001210101&office_id=016&mode=search&query=셀트리온&page=1,"['       코스피, 2130선 고지 점령… 삼성전자 207만원 ‘사상최고가’      기사입력2017-03-14 14:06기사원문좋아요훈훈해요좋아요 평가하기공감좋아요0훈훈해요0슬퍼요0화나요0후속기사 원해요0댓글 [헤럴드경제=이은지 기자] 코스피가 2130선 고지까지 점령하면서 ‘박스피(박스권+코스피)’에 대한 기대감이 그 어느 때보다 커지고 있다.외국인이 3000억원 가까운 물량을 순매수하는 한편, 삼성전자가 또 한 번 사상 최고가를 갈아치웠다.14일 오후 1시 52분 현재 코스피는 전날보다 15.41포인트(0.73%) 오른 2133.00을 지나고 있다. [사진=게티이미지]오후 12시 15분께 2130선을 탈환, 1시 49분께 2133.22까지 오르면서 연중 최고가를 또 한 번 갈아치웠다.이 시각 유가증권시장에서는 외국인이 홀로 2869억원을 순매수하고 있다.개인과 기관은 각각 503억원, 2800억원의 물량을 쏟아내며 차익실현에 나섰다.업종별로는 오름세다.다가오는 FOMC(통화정책회의)로 인한 미국 금리 인상 기대감에 금융업(1.41%)이 강세고, 삼성전자의 사상 최고가 경신에 힘입어 전기전자(1.49%)도 큰 폭으로 오르고 있다.그 외 보험(2.42%), 기계(1.60%), 유통업(1.15%), 증권(0.50%), 화학(0.38%) 등이 오름세다.반면, 의약품(-1.43%), 섬유ㆍ의복(-1.37%), 비금속광물(-0.58%) 등은 약세다.시가총액 상위 종목 중에서는 삼성전자가 장중 207만1000원을 터치하면서 사상 최고가를 새로 썼다.현재 1.87% 오른 206만9000원에 거래중이다.다음달 출시 예정인 갤럭시 S8에 대한 기대감과 더불어 D램과 NAND가격 호조로 반도체부문 실적이 크게 개선될 것이란 기대감이 작용하고 있는 것으로 풀이된다.매수 상위 창구에는 모건스탠리(1만9725주), CLSA(1만7825주), CS증권(1만7258주) 등이 올라 있다.그 외 시가총액 종목은 SK하이닉스(-0.59%), NAVER(-1.33%), POSCO(-0.36%)를 제외하고 오름세다.현대차(1.71%), 한국전력(0.12%), 삼성물산(4.96%), 현대모비스(1.44%), 신한지주(0.71%), 삼성생명(2.29%)는 상승세다.이 시각 코스닥시장은 전날보다 1.30포인트(-0.21%) 내린 614.34포인트를 지나고 있다.외국인과 기관은 나란히 114억원, 273억원을 팔고 있다.개인은 홀로 435억원을 물량을 받아내면서 순매수 중이다.코스닥 시총 상위 종목은 셀트리온(0.10%), 로엔(0.71%), SK머티리얼즈(0.73%)가 소폭 오르고 있는 것을 제외하고는 모두 내림세다.카카오(-1.89%), CJ E&M(-2.01%), 메디톡스(-0.56%), 코미팜(-1.94%), 바이로메드(-1.30%), 컴투스(-1.68%), GS홈쇼핑(-0.97%)은 하락세다.leunj@heraldcorp.com▶영감이란 불꽃에 타오르게할 스토리(INSPIRE)▶인기 무료 만화 ▶나만의 변호사 찾기 - Copyrights ⓒ 헤럴드경제 & heraldbiz.com, 무단 전재 및 재배포 금지 -헤럴드경제 관련뉴스해당 언론사에서 선정하며 언론사 페이지(아웃링크)로 이동해 볼 수 있습니다.문재인 치매설 왜 떴나…A부터 Z까지 총정리김우리 ""고영태 끼많고 누나들이 예뻐해, 최순실과는…""나경원, 한국당 남은 이유 ""바람난 남편 왜 이혼해주나""그 정미홍마저 ""박근혜 전 대통령은 영…""최순실, 몰래 朴 사저 집기 장시호 거처로 옮겨좋아요0훈훈해요0슬퍼요0화나요0후속기사 원해요0기사제공 :']"
17,셀트리온, 2017-03-1411:45,전자신문 ,"[ET투자뉴스]케어젠_주가와 투자심리는 약세, 거래량은 침체",https://finance.naver.com/news/news_read.nhn?article_id=0002591946&office_id=030&mode=search&query=셀트리온&page=1,"['       [ET투자뉴스]케어젠_주가와 투자심리는 약세, 거래량은 침체      기사입력2017-03-14 11:45기사원문좋아요훈훈해요좋아요 평가하기공감좋아요0훈훈해요0슬퍼요0화나요0후속기사 원해요0댓글     관련종목들 중에서 변동폭이 커도 수익률은 낮은 편 14일 오전 11시25분 현재 전일대비 1.24% 하락하면서 63,800원을 기록하고 있는 케어젠은 지난 1개월간 8.86% 하락했다.  동기간 동안 주가의 변동성 지표인 표준편차는 1.3%를 기록했다.  이는 제약 업종내에서 주요종목들과 비교해볼 때 케어젠의 월간 변동성이 큰 편은 아니었으나 주가등락률은 마이너스를 기록하면서 주요종목군 내에서 가장 낮은 수준을 유지했다.  최근 1개월을 기준으로 케어젠의 위험을 고려한 수익률은 -6.8을 기록했는데, 주가 약세와 더불어 위험대비 수익률도 부진을 면치 못했다.  게다가 제약업종의 위험대비수익률 -4.4보다도 낮기 때문에 업종대비 성과도 좋지 않았다고 할 수 있다. 다음으로 업종과 시장을 비교해보면 케어젠이 속해 있는 제약업종은 코스닥지수보다 변동성은 높고, 등락률은 낮은 모습이다.   하락할 때 지수보다 탄력을 받고 있다는 의미이다.      \xa0 표준편차 수익율  위험대비 수익율   동국제약 1.8% -2.2% -1.2   에스티팜 1.3% 2.5% 1.9   케어젠 1.3% -8.9% -6.8   차바이오텍 1.2% 9.4% 7.8   셀트리온제약 1.1% 1.3% 1.2   코스닥 0.5% 0.5% 1.0   제약 0.6% -2.2% -4.4    관련종목들도 하락 우위, 제약업종 -0.33%   이 시각 현재 관련종목들 중에서는 하락종목 수가 더 많은 가운데 제약업종은 0.33% 하락하고 있다.  셀트리온제약 22,750원▲50(+0.22%) 동국제약 58,200원▼600(-1.02%)  에스티팜 42,850원▼250(-0.58%) 차바이오텍 13,400원▼250(-1.83%) 2월10일에 케어젠 4/4분기(2016년10월~12월)실적 발표됨   매출액 영업이익 당기순이익   4/4분기 158.0억 97.0억 95.0억   직전분기 대비 123.5% 증가 336.9% 증가 705.1% 증가   전년동기 대비 56.6% 감소 52.8% 감소 50.6% 감소 외국인/기관 순매수, 개인은 순매도(한달누적)3월10일부터 전일까지 기관이 2거래일 연속 순매도를 보였다.  4주간을 기준으로 보면 외국인이  3,048주를 순매수했고, 기관도  1,872주를 순매수했다.  반면 개인들은 매도쪽으로 방향을 잡으면서 4,920주를 순매도한 것으로 나타났다.   투자주체별 누적순매수  상장주식수 대비 거래량은 0.18%로 적정수준최근 한달간 케어젠의 상장주식수 대비 거래량을 비교해보니 일별 매매회전율이 0.18%로 집계됐다.  그리고 동기간 장중 저점과 고점의 차이인 일평균 주가변동률을 2.16%를 나타내고 있다.   투자주체별 매매비중  ＊기관과 외국인을 제외한 개인 및 기타법인 등의 주체는 모두 개인으로 간주하였음   주가와 투자심리는 약세, 거래량은 침체   최근 주가변화를 기준으로 살펴보면 현주가는 상승폭보다 하락폭이 우월한 약세패턴을 보이고 있고, 거래량을 활용한 지표로 볼 때는 침체국면에 머물러 있다.  실리적인 측면에서는 주가흐름과 같이 투자심리도 위축되고 있고 이동평균선들의 배열도를 분석을 해보면 단기, 중기, 장기 이동평균선이 역배열을 이루고 있는 전형적인 약세국면에 머물러 있다.      매물대 저항은 69,600원 근방에 존재   최근 세달동안의 매물대 분포를 살펴보면, 현주가 위로 69,600원대의 대형매물대가 눈에 뜨이고, 이중에서 69,600원대는 전체 거래의 22.2%선으로 매매가 이가격대에서 비교적 크게 발생한 구간이라서 향후 주가가 상승할때 수급적인 저항대가 될 가능성을 고려할 필요가 있고, 그리고 73,000원대의 매물대 또한 규모가 크기때문에 향후 주가상승시에 저항대로 작용할 수 있다.  따라서 주가가 단기적인 조정을 받고있는 현재 상황에서는, 제1매물대인 69,600원대의 저항가능성에 보다 더 큰 비중을 두는 시각이 합리적이고, 아직은 제1매물가격대까지는 거리가 꽤 남아있고, 당분간 물량적인 부담이 없기 때문에 추가상승시에 큰 걸림돌은 없을듯 하고, 69,600원대의 저항대 역할은 좀더 기다릴 필요가 있다.    증시분석 전문기자 로봇 ET etbot@etnews.com전자신문과 씽크풀의 증시분석 전문기자 로봇 ET가 쓴 기사입니다▶ 전자신문 인기 포스트▶ 전자신문 공식 페이스북▶ 전자신문 바로가기 [Copyright ⓒ 전자신문 & 전자신문인터넷, 무단전재 및 재배포 금지]전자신문 관련뉴스해당 언론사에서 선정하며 언론사 페이지(아웃링크)로 이동해 볼 수 있습니다.삼성 8조원대 10·7나노 시스템반도체 투자 시작[단독]테슬라, 슈퍼차저 서울 광화문·삼성동에 세운다이통사에 전달된 \'갤럭시S8\'… 주요 특징은황 권한대행, 靑 참모진 사표 모두 반려…""국정 공백 없도록""인텔, 자율주행시스템업체 모빌아이 18조원 인수좋아요0훈훈해요0슬퍼요0화나요0후속기사 원해요0기사제공 :이 기사는 뉴스제휴평가위원회 \'뉴스제휴 및 제재 심사 규정\'에 따라노출 중단된 기사입니다.이전페이지목록보기인쇄하기목록보기증시 주요뉴스[Asia마감] 높아진 인플레 우려…일본·대만..[마켓뷰] 코스피, 외국인 매도 폭탄에 1.5..[마감시황]코스피, 외국인 매도 폭탄에 급락...[시황종합]\'외인 매물 폭탄\' 코스피 3160..[코스닥 마감]외인·기관 매도에 1% 넘게 하..[외환마감]인플레 우려에 强달러 지속..환율,..[Asia오전]인플레 경계감 속 혼조…닛케이 ..[오전시황]코스피 \'인플레 불안감\' 외인 투매..이전 페이지로 돌아가기|맨위로더보기SKIET 폭락 파장...장외시장까지 `거품론\'[속보]예상 상회한 미국 인플레…다우선물지수 급락중[Asia마감] 높아진 인플레 우려…일본·대만 급락대선 앞두고 고개드는 정치 테마주 열풍[마감시황]코스피, 외국인 매도 폭탄에 급락...삼전 한때 8만원 붕괴[주부의세계] ""지금도 충분히 싼 가격""…주식시장 대세가 된 메타버스는 무엇?[마켓뷰] 코스피, 외국인 매도 폭탄에 1.5% 급락""잘못 눌렀다간 요금 폭탄""…줌 사용 주의보더보기인기검색어삼성전자80,000HMM47,600포스코엠텍11,500SK아이이테크놀로지147,500카카오113,000이용약관금융게시판 운영원칙개인정보처리방침책임의 한계와 법적고지금융 고객센터네이버(주)가 제공하는 금융 정보는 각 콘텐츠 제공업체로부터 받는 투자 참고사항이며, 오류가 발생하거나 지연될 수 있습니다.네이버(주)와 콘텐츠 제공업체는 제공된 정보에 의한 투자 결과에 법적인 책임을 지지 않습니다. 게시된 정보는 무단으로 배포할 수 없습니다.콘텐츠 제공업체코스콤 : 실시간 주가정보 및 국내시세정보에프앤가이드 : 기업 및 재무정보KG제로인 : 해외 시세, 시장지표 및 펀드 정보한국예탁결제원 : 주주총회일 및 전자투표 정보인포스탁 : 국내 테마 정보Copyright ©NAVER Corp.All Rights Reserved.']"
18,셀트리온, 2017-03-1411:02,파이낸셜뉴스 ,[오전시황] 정치적 불확실성 해소되며 이틀연속 상승세 2130 코앞,https://finance.naver.com/news/news_read.nhn?article_id=0003788945&office_id=014&mode=search&query=셀트리온&page=1,"[""       [오전시황] 정치적 불확실성 해소되며 이틀연속 상승세 2130 코앞      기사입력2017-03-14 11:02기사원문좋아요훈훈해요좋아요 평가하기공감좋아요0훈훈해요0슬퍼요0화나요0후속기사 원해요0댓글  국내 정치적 불확실성이 해서되며 코스피가 전날에 이어 14도 연고점을 다시 갈아치우고 있다. 특히 외국인들의 매수세로 코스피 지수는 오전 중 2130선 코앞까지 다가가고 있다.  이날 코스피는 전날 마감 지수인 2117.59 보다 9.53포인트(0.45%) 오른 2127.12로 출발했다. 오전 10시 51분 현재 전날보다 코스피 지수는 전날 보다 8.97포인트 오른 2126.56을 지나고 있다.  오전 중 한 때 10.79포인트 오른 2128.38을 터치하면서 연중 최고치를 경신하기도 했다.  이 시각 유가증권시장에서는 외국인은 1527억원을 순매수하며 지수를 끌어올리고 있다. 개인과 기관은 각각 310억원, 1373억원을 팔고 있다.  업종별로는 혼조세다.  보험(1.62%), 금융업(1.09%), 통신업(1.07%), 건설업(0.79%), 화학(0.68%), 전기ㆍ전자(0.60%), 운수창고(0.48%), 제조업(0.46%) 등은 오름세다. 반면, 섬유ㆍ의복(-0.97%), 의약품(-0.42%), 의료정밀(-0.29%), 비금속광물(-0.21%), 종이ㆍ목재(-0.16%) 등은 내림세다.  시가총액 상위 종목은 오름세다.  대장주인 삼성전자는 전날보다 0.39% 오른 203만8000원을 지나고 있다.  LG전자는 신작 스마트폰 G6에 대한 기대감이 높아지며 이시각 2.6% 오른 6만7000원을 기록중이다. 다음 달 초에는 미국 시장 출시를 준비하는 등 활기를 띠면서 최근 증권가에서는 목표주가를 잇달아 올리기도 했다.  SK하이닉스(0.00%), 현대차(0.68%), 한국전력(0.47%), POSCO(0.18%), 현대모비스(1.03%), 신한지주(0.92%) 등은 오름세다.NAVER(-0.61%), 삼성물산(-0.41%)은 내림세다.  반면 이 시각 코스닥지수는 전날보다 0.23% 내린 614.2를 지나고 있다.  시가총액 상위 종목은 내림세다. 셀트리온(-0.20%), 카카오(-1.18%), CJ E&M(-1.26%), 메디톡스(-0.20%), 코미팜(-0.60%), 바이로메드(-0.87%), 컴투스(-0.80%), GS홈쇼핑(-1.02%)은 내림세다.로엔(0.94%), SK머티리얼즈(1.58%)은 오름세다.   pja@fnnews.com 박지애 기자   ▶ 세상의 모든 골 때리는 이야기 'fn파스'▶ 속보이는 연예뉴스 fn스타  ※ 저작권자 ⓒ  파이낸셜뉴스. 무단 전재-재배포 금지파이낸셜뉴스 관련뉴스해당 언론사에서 선정하며 언론사 페이지(아웃링크)로 이동해 볼 수 있습니다.朴 전대통령 사저 인근 사는 59세女 하는 말이..김문수 '9급 공무원도 이렇게 파면 안한다'안민석, 최순실·정윤회 결혼 미스테리에 대해 입 열다새벽 2시 홀로 택시 탄 여중생 기겁하게 만든 택시기사의 한마디'누가 봐도 성행위 묘사'.. 카카오의 묘한 '이모티콘'좋아요0훈훈해요0슬퍼요0화나요0후속기사 원해요0기사제공 :""]"
19,셀트리온, 2017-03-1410:33,전자신문 ,"[ET투자뉴스]셀트리온_매물대 저항은 106,500원 근방에 존재",https://finance.naver.com/news/news_read.nhn?article_id=0002591923&office_id=030&mode=search&query=셀트리온&page=1,"['       [ET투자뉴스]셀트리온_매물대 저항은 106,500원 근방에 존재      기사입력2017-03-14 10:33기사원문좋아요훈훈해요좋아요 평가하기공감좋아요0훈훈해요0슬퍼요0화나요0후속기사 원해요0댓글     관련종목들과 비교해서 변동성이 커도 상승률은 낮은 편 14일 오전 10시20분 현재 전일대비 0.41% 하락한 98,100원으로 보합권에 머물러 있는 셀트리온은 지난 1개월간 3.63% 하락했다.  같은 기간동안에 위험를 나타내는 지표인 표준편차는 0.6%를 기록했다.  이는 제약 업종내에서 주요종목들과 비교해볼 때 셀트리온의 월간 변동성이 주요종목군 내에서 가장 낮은 수준을 유지했지만, 주가가 마이너스를 기록하면서 주가등락률 또한 가장 낮았다는 것을 의미하기도 된다.  .최근 1개월을 기준으로 셀트리온의 위험을 고려한 수익률은 -6.0을 기록했는데, 변동성은 가장 낮았지만 주가가 하락했기 때문에 위험대비 수익률은 가장 저조한 수준을 나타냈다.  게다가 제약업종의 위험대비수익률 -4.4보다도 낮기 때문에 업종대비 성과도 좋지 않았다고 할 수 있다. 다음으로 업종과 시장을 비교해보면 셀트리온이 속해 있는 제약업종은 코스닥지수보다 변동성은 높고, 등락률은 낮은 모습이다.   하락할 때 지수보다 탄력을 받고 있다는 의미이다.      \xa0 표준편차 수익율  위험대비 수익율   휴젤 2.6% 2.0% 0.7   코미팜 1.8% 2.8% 1.5   메디톡스 1.4% -3.1% -2.2   씨젠 1.3% 0.3% 0.2   셀트리온 0.6% -3.6% -6.0   코스닥 0.5% 0.6% 1.2   제약 0.6% -2.2% -4.4    관련종목들도 하락 우위, 제약업종 -0.27%   이 시각 현재 관련종목들 중에서는 하락종목 수가 더 많은 가운데 제약업종은 0.27% 하락하고 있다.  휴젤 353,100원▲4000(+1.15%) 코미팜 33,200원▼300(-0.90%)  씨젠 33,100원▼350(-1.05%) 메디톡스 407,800원▼2100(-0.51%)    증권사 목표주가 138,500원, 현재주가 대비 41% 추가 상승여력    최근 한달간 제시된 증권사 투자의견을 종합해보면 셀트리온의 평균 목표주가는 138,500원이다.  현재 주가는 98,100원으로 40,400원(41%)까지 추가상승 여력이 존재한다.  증권사별로 보면  키움증권의 김주용 에널리스트가 "" 리툭산 바이오시밀러 ‘트룩시마’ 유럽 EMA 승인, 동사는 금번 EMA 승인으로 레미케이드 시밀러 램시마에 이어 두번째 항체 바이오시밀러 제품을 유럽에서 판매하게 된다. 트룩시마는 영국을 비롯해 독일, 이탈리아 등 EU 28개국과 노르웨이, 아이슬란드, 리히텐슈타인 등 총 31개국에서 각 국 별도의 판매허가 절차 없이 판매가 가능하다…"" (이)라며 투자의견 매수(유지)에 목표주가:     135,000원을 제시했고, 유진투자증권의 한병화, 한상웅 에널리스트가 "" 트룩시마 유럽 시장 진입으로 또 다른 성장동력 확보, 동사는 지난 12월 리툭산 바이오시밀러인 트룩시마가 EMA CHMP의 권고를 받은데 이어 전일 최종 판매허가를 받았다. 이에 따라 영국을 시작으로 유럽 주요국들에서 트룩시마의 판매가 2분기부터 본격화될 것으로 예상된다…"" (이)라며 투자의견 매수(유지)에 목표주가:     150,000원을 제시했다.   2월20일에 셀트리온 4/4분기(2016년10월~12월)실적 발표됨   매출액 영업이익 당기순이익   4/4분기 2,088.0억 716.0억 504.0억   직전분기 대비 24.1% 증가 3.2% 감소 14.0% 감소   전년동기 대비 24.1% 증가 12.2% 증가 1.4% 감소    [재무분석 특징]  영업이익률 현재 38.39%로 업종평균 상회. PER은 65.41로 업종평균보다 높으며, PBR은 5.58로 다소 높은편.     업종내 시가총액 규모가 가장 비슷한 4개 종목과 비교해보면 셀트리온은 자산가치대비 현재의 주가수준을 나타내는 PBR이 상대적으로 낮은 상태를 보이고 있고, 순이익대비 현재의 주가수준을 보여주는 PER은 적정한 수준를 유지하고 있다.     셀트리온 코미팜 메디톡스 휴젤 씨젠   ROE 8.5 -4.4 38.1 16.4 2.1   PER 65.4 - 42.9 26.8 302.1   PBR 5.6 22.2 16.4 4.4 6.3   기준년월 2016년9월 2016년9월 2016년9월 2016년9월 2016년9월 외국인과 기관은 순매도, 개인은 순매수(한달누적)전일까지 외국인이 4일 연속, 기관이 2일 연속 각각 동종목을 순매도 했다.  4주간을 기준으로 보면 외국인이 매도 우위를 지속하면서 2,288주를 순매도했고, 기관도 매도 관점으로 접근하면서  6,088주를 순매도했지만, 개인은 오히려  8,376주를 순매수했다.   투자주체별 누적순매수  상장주식수 대비 거래량은 0.23%로 적정수준최근 한달간 셀트리온의 상장주식수 대비 거래량을 비교해보니 일별 매매회전율이 0.23%로 집계됐다.  그리고 동기간 장중 저점과 고점의 차이인 일평균 주가변동률을 1.05%를 나타내고 있다.   투자주체별 매매비중  ＊기관과 외국인을 제외한 개인 및 기타법인 등의 주체는 모두 개인으로 간주하였음   주가와 투자심리는 약세, 거래량은 침체   최근 주가변화를 기준으로 살펴보면 현주가는 상승폭보다 하락폭이 우월한 약세패턴을 보이고 있고, 거래량을 활용한 지표로 볼 때는 침체국면에 머물러 있다.  실리적인 측면에서는 주가흐름과 같이 투자심리도 위축되고 있고 이동평균선들의 배열도를 분석을 해보면 단기, 중기, 장기 이동평균선이 역배열을 이루고 있는 전형적인 약세국면에 머물러 있다.      매물대 저항은 106,500원 근방에 존재   최근 세달동안의 매물대 분포를 살펴보면, 현주가 위로 106,500원대의 대형매물대가 눈에 뜨이고, 이중에서 106,500원대는 전체 거래의 22.6%선으로 매매가 이가격대에서 비교적 크게 발생한 구간이라서 향후 주가가 상승할때 수급적인 저항대가 될 가능성을 고려할 필요가 있고, 그리고 105,500원대의 매물대 또한 규모가 약하기는하지만 향후 주가상승시에 저항대로 작용할 수 있다.  따라서 주가가 단기적인 조정을 받고있는 현재 상황에서는, 제2매물대인 105,500원대의 저항가능성에 보다 더 큰 비중을 두는 시각이 합리적이고, 아직은 제2매물가격대까지는 거리가 꽤 남아있고, 당분간 물량적인 부담이 없기 때문에 추가상승시에 큰 걸림돌은 없을듯 하고, 105,500원대의 저항대 역할은 좀더 기다릴 필요가 있다.       [포인트검색]   3월9일 :(주)셀트리온 감사보고서 제출2월23일 :(주)셀트리온 단일판매ㆍ공급계약체결(자율공시)2월22일 :(주)셀트리온 투자판단 관련 주요경영사항(트룩시마(Rituximab biosimilar)  증시분석 전문기자 로봇 ET etbot@etnews.com전자신문과 씽크풀의 증시분석 전문기자 로봇 ET가 쓴 기사입니다▶ 전자신문 인기 포스트▶ 전자신문 공식 페이스북▶ 전자신문 바로가기 [Copyright ⓒ 전자신문 & 전자신문인터넷, 무단전재 및 재배포 금지]전자신문 관련뉴스해당 언론사에서 선정하며 언론사 페이지(아웃링크)로 이동해 볼 수 있습니다.삼성 8조원대 10·7나노 시스템반도체 투자 시작인텔, 자율주행시스템업체 모빌아이 18조원 인수[단독]테슬라, 슈퍼차저 서울 광화문·삼성동에 세운다\'ITU ICT 발전지수\' 평가, 품질 중심으로 달라진다이통사에 전달된 \'갤럭시S8\'… 주요 특징은좋아요0훈훈해요0슬퍼요0화나요0후속기사 원해요0기사제공 :이 기사는 뉴스제휴평가위원회 \'뉴스제휴 및 제재 심사 규정\'에 따라노출 중단된 기사입니다.이전페이지목록보기인쇄하기목록보기증시 주요뉴스[Asia마감] 높아진 인플레 우려…일본·대만..[마켓뷰] 코스피, 외국인 매도 폭탄에 1.5..[마감시황]코스피, 외국인 매도 폭탄에 급락...[시황종합]\'외인 매물 폭탄\' 코스피 3160..[코스닥 마감]외인·기관 매도에 1% 넘게 하..[외환마감]인플레 우려에 强달러 지속..환율,..[Asia오전]인플레 경계감 속 혼조…닛케이 ..[오전시황]코스피 \'인플레 불안감\' 외인 투매..이전 페이지로 돌아가기|맨위로더보기SKIET 폭락 파장...장외시장까지 `거품론\'[속보]예상 상회한 미국 인플레…다우선물지수 급락중[Asia마감] 높아진 인플레 우려…일본·대만 급락대선 앞두고 고개드는 정치 테마주 열풍[마감시황]코스피, 외국인 매도 폭탄에 급락...삼전 한때 8만원 붕괴[주부의세계] ""지금도 충분히 싼 가격""…주식시장 대세가 된 메타버스는 무엇?[마켓뷰] 코스피, 외국인 매도 폭탄에 1.5% 급락""잘못 눌렀다간 요금 폭탄""…줌 사용 주의보더보기인기검색어삼성전자80,000HMM47,600포스코엠텍11,500SK아이이테크놀로지147,500카카오113,000이용약관금융게시판 운영원칙개인정보처리방침책임의 한계와 법적고지금융 고객센터네이버(주)가 제공하는 금융 정보는 각 콘텐츠 제공업체로부터 받는 투자 참고사항이며, 오류가 발생하거나 지연될 수 있습니다.네이버(주)와 콘텐츠 제공업체는 제공된 정보에 의한 투자 결과에 법적인 책임을 지지 않습니다. 게시된 정보는 무단으로 배포할 수 없습니다.콘텐츠 제공업체코스콤 : 실시간 주가정보 및 국내시세정보에프앤가이드 : 기업 및 재무정보KG제로인 : 해외 시세, 시장지표 및 펀드 정보한국예탁결제원 : 주주총회일 및 전자투표 정보인포스탁 : 국내 테마 정보Copyright ©NAVER Corp.All Rights Reserved.']"
0,셀트리온, 2017-03-1410:29,헤럴드경제 ,"[오전시황] 코스피, 이틀 연속 연중 최고치 ‘랠리’… 2130선 ‘코앞’",https://finance.naver.com/news/news_read.nhn?article_id=0001209904&office_id=016&mode=search&query=셀트리온&page=2,"['       [오전시황] 코스피, 이틀 연속 연중 최고치 ‘랠리’… 2130선 ‘코앞’      기사입력2017-03-14 10:29기사원문좋아요훈훈해요좋아요 평가하기공감좋아요0훈훈해요0슬퍼요0화나요0후속기사 원해요0댓글 [헤럴드경제=이은지 기자] 코스피가 14일 전날 경신한 연중 최고치를 갈아치우고 이제는 2130선을 넘보고 있다. 이날도 외국인의 열렬한 ‘러브콜’이 지수 상승을 견인하고 있다.이날 코스피는 전날(2117.59)보다 9.53포인트(0.45%) 오른 2127.12로 출발했다. 오전 10시 8분 현재 전날보다 10.70포인트(0.51%) 오른 2128.29를 지나고 있다.앞서 10.79포인트 오른 2128.38을 터치하면서 또 한번 연중 최고치를 경신했다.\xa0 [사진=게티이미지]이 시각 유가증권시장에서는 외국인이 전날에 이어 1173억원을 순매수하면서 지수를 끌어올리고 있다.개인과 기관은 각각 176억원, 1085억원을 팔면서 이틀 연속 차익실현에 집중하고 있다.업종별로는 오름세다.보험(1.62%), 금융업(1.09%), 통신업(1.07%), 건설업(0.79%), 화학(0.68%), 전기ㆍ전자(0.60%), 운수창고(0.48%), 제조업(0.46%) 등은 오름세다.반면, 섬유ㆍ의복(-0.97%), 의약품(-0.42%), 의료정밀(-0.29%), 비금속광물(-0.21%), 종이ㆍ목재(-0.16%) 등은 내림세다.시가총액 상위 종목은 오름세다.삼성전자가 전날보다 0.64% 오른 204만3000원을 지나고 있다.장 초반 205만3000원을 터치하면서 전날에 이어 또 한 번 사상최고가를 경신했다.SK하이닉스(0.00%), 현대차(0.68%), 한국전력(0.47%), POSCO(0.18%), 현대모비스(1.03%), 신한지주(0.92%) 등은 오름세다.NAVER(-0.61%), 삼성물산(-0.41%)은 내림세다.이 시각 유가증권시장에서는 LG전자가 전략 스마트폰 G6 인기에 52주 신고가를 새로 썼다.현재 유가증권시장에서 LG전자는 전날보다 2.60% 오른 6만7000원에 거래되고 있다.LG전자는 장중 6만7200원까지 오르며 52주 신고가를 갈아치웠다.LG전자의 G6는 국내 출시 이틀 만에 3만대가 팔리는 등 인기를 얻고 있다. 다음 달 초에는 미국 시장 출시를 준비하는 등 활기를 띠면서 최근 증권가에서는 목표주가를 잇달아 올리기도 했다.GS건설이 광명 주택재개발사업 시공사로 선정되는 등 국내외 수주 확대에 대한 기대감에 힘입어 장 초반 52주 신고가를 경신했다. 현재 유가증권시장에서 GS건설은 전 거래일보다 2.41% 오른 3만1900원에 거래되고 있다. GS건설은 앞서 전날 공시를 통해 3926억원 규모의 광명 12R구역 주택재개발정비사업 시공사로 선정됐다고 공시했다. 이상우 유진투자증권 연구원은 이와 관련 “GS건설이 광명12R구역 재개발사업 수주로 수도권 주택시장에서 타사를 압도하는 경쟁력을 입증했다”며 투자의견 ‘매수’와 목표주가 5만1000원을 유지하고 건설업종 최선호주로 꼽았다. 이 연구원은 또 현대건설과 대림산업이 최근 이란에서 대규모 수주한 것과 관련해 “GS건설도 작년 5월 이란 순방 때 체결한 양해각서(MOU)에 포함된 프로젝트 가운데 2건에 관련돼 있어 해당 건이 조만간 이란에서 대형 수주로 이어질 가능성이 커졌다”고 분석했다. 이 시각 코스닥지수는 전날보다 0.35포인트(-0.06%) 내린 615.24를 지나고 있다.코스닥시장에서는 외국인과 기관이 각각 165억원, 27억원을 팔고 있다.개인은 이를 받아내면서 홀로 209억원을 순매수하고 있다.시가총액 상위 종목은 내림세다.셀트리온(-0.20%), 카카오(-1.18%), CJ E&M(-1.26%), 메디톡스(-0.20%), 코미팜(-0.60%), 바이로메드(-0.87%), 컴투스(-0.80%), GS홈쇼핑(-1.02%)은 내림세다.로엔(0.94%), SK머티리얼즈(1.58%)은 오름세다.이 시각 원ㆍ달러 환율은 전날보다 4.4원(0.38%) 오른 1148.8원에 거래되고 있다.leunj@heraldcorp.com▶영감이란 불꽃에 타오르게할 스토리(INSPIRE)▶인기 무료 만화 ▶나만의 변호사 찾기 - Copyrights ⓒ 헤럴드경제 & heraldbiz.com, 무단 전재 및 재배포 금지 -헤럴드경제 관련뉴스해당 언론사에서 선정하며 언론사 페이지(아웃링크)로 이동해 볼 수 있습니다.문재인 치매설 왜 떴나…A부터 Z까지 총정리김우리 ""고영태 끼많고 누나들이 예뻐해, 최순실과는…""나경원, 한국당 남은 이유 ""바람난 남편 왜 이혼해주나""그 정미홍마저 ""박근혜 전 대통령은 영…""최순실, 몰래 朴 사저 집기 장시호 거처로 옮겨좋아요0훈훈해요0슬퍼요0화나요0후속기사 원해요0기사제공 :']"
1,셀트리온, 2017-03-1410:13,헤럴드경제 ,‘오! 변비 NO~’ ‘이가튼튼! 이가탄‘ TV광고폭탄 속사정은?,https://finance.naver.com/news/news_read.nhn?article_id=0001209885&office_id=016&mode=search&query=셀트리온&page=2,"['       ‘오! 변비 NO~’  ‘이가튼튼! 이가탄‘  TV광고폭탄 속사정은?      기사입력2017-03-14 10:13기사원문좋아요훈훈해요좋아요 평가하기공감좋아요0훈훈해요0슬퍼요0화나요0후속기사 원해요0댓글-명인제약 한 해 광고비 265억원, 매출액(1400억원)의 18% 비중-매출 1조원 유한양행이 360억원, 매출은 10배 차이 광고비는 비슷-광고대행사 ‘메디커뮤니케이션’은 회장 두 딸이 지분을 가진 회사[헤럴드경제=손인규 기자]‘이가 튼튼, 이가탄’, 누구나 한 번쯤은 들어봤을 법한 익숙한 광고멘트다. 최근에는 TV에서 거의 매일 나오는 CM송 중 하나가 ‘오! 변비 NO~’라는 변비약 ‘메이퀸Q’ 광고다. 이 두 광고는 모두 명인제약의 제품이라는 공통점이 있다.명인제약은 매출액 1400억원대의 중소기업으로 주식시장에도 상장되지 않은 비상장기업이지만 광고업계에서는 ‘큰 손’으로 통한다. 명인제약이 적지 않은 비용이 들어가는 TV광고에 유독 집중하는 이유는 뭘까.[사진설명=명인제약의 이가탄과 메이퀸Q 광고는 TV에 자주 노출되는 광고 중 하나다. (왼쪽부터) 이가탄, 메이퀸Q 광고 장면]▶명인제약 매출액은 유한양행의 10분의 1, 광고비는 ‘비슷’=기업이 대중을 상대로 자사의 인지도를 높이고 제품의 매출을 높이는 방법으로 TV광고는 가장 좋은 마케팅 전략이다. 하지만 TV광고는 광고비가 타 매체(라디오, 신문)에 비해 높기 때문에 기업은 항상 가장 효율적이고 적절한 광고비 사용에 대한 고민을 안고 있다. 삼성, 현대차, LG와 같은 대기업등에 비해서 중소기업에게는 단 한 번의 TV광고도 부담스러운 측면이 있다.하지만 명인제약은 다르다. 명인제약의 2015년 감사보고서에 따르면 명인제약의 매출액은 1408억원이다. 그런데 그 해 쓴 광고선전비는 265억원으로 나타났다. 총매출의 대략 5분의 1 가량을 광고비로 지출하는 셈이다. 이는 다른 제약사들과는 확연히 차이가 나는 부분이다. 명인제약과 비슷한 규모의 한림제약은 1338억원의 매출액 중 26억원 정도를 광고선전비로 지출하고 있다. 매출액은 비슷한데 광고비는 10배나 차이가 나는 셈이다.국내 제약사 중 광고비를 가장 많이 쓰는 곳은 유한양행이다. 유한양행이 지난 2015년 집행한 광고비는 365억원이다. 하지만 유한양행은 제약업계에서 가장 규모가 큰 제약사다. 매출액이 1조1287억원이었으니 매출액 대비 광고비는 3%대 수준으로 볼 수 있다. 즉 유한양행과 명인제약은 매출액은 1조원의 차이가 나지만 광고비는 100억원 밖에 차이가 안 나는 셈이다. 타 제약사들 중에서도 광고비를 가장 많이 사용하는 곳이 매출액의 12% 정도인것에 비하면 명인제약의 광고비는 특아한 점이 있다. 지난해 국내제약사 광고선전비 현황을 보면 매출액 대비 가장 많은 비율의 광고비를 지출한 곳은 셀트리온제약이었다. 셀트리온은 매출액에서 약 12.7%를 광고선전비로 지출했다. 이어서 동국제약 12.3%, 파마리서치프로덕트 11.5%로 나타났다. 이 외 제약사들 중 매출액에서 10% 이상 광고비를 쓴 곳은 없었다. 업계에서는 매출액에서 광고비로 지출하는 비율이 대략 3%대로 알려져 있다.▶명인제약의 광고대행사는 이행명 회장의 두 딸 회사=때문에 명인제약의 ‘통 큰’ 광고비 집행에 고개를 갸웃거리는 시선이 나오고 있다. 현재 명인제약의 광고 업무는 ‘메디커뮤니케이션’이라는 광고대행사에서 모두 맡고 있다. 메디커뮤니케이션은 명인제약의 전폭적인 광고 물량에 힘입어 2012년 26억원의 매출에서 2015년 37억원으로 성장했고 영업이익률도 36%에서 58%로 상승했다.그런데 이 회사는 명인제약과 깊은 연관성이 있다. 명인제약의 최대 주주인 이행명 회장의 두 딸 선영씨와 자영씨가 바로 메디커뮤니케이션의 최대 주주라는 점이다. 두 딸은 각각 52%와 48%의 지분을 갖고 있다. 이런 특수 관계 때문에 업계에서는 이 회장이 두 딸을 위해 일감을 몰아주는게 아니냐는 목소리가 나오고 있다. 하지만 법적으로 명인제약의 광고대행사를 통한 광고 집행은 문제가 될 것이 없다. 명인제약은 일감 몰아주기의 규제 대상인 대기업이 아닌 비상장 중소기업이기 때문이다. 제약업계 관계자는 “명인제약이 광고를 많이 하든 적게 하든 그건 그 기업의 선택사항이며 법적으로는 문제가 되지 않는다”며 “하지만 그 광고를 집행하는 대행사가 오너 일가의 회사라는 점은 도덕적으로는 비난받을 수 있는 소지가 있다고 생각한다”고 말했다. ▶규제 많은 제약 광고, 의약품 광고는 기업PR 역할도= 한편 제약사들이 매출액에 비해 많은 광고비를 지출하는데엔 나름의 사연이 있다. 제약사는 의약품이라는 특수한 제품을 생산하고 판매하는 기업이기 때문에 전문의약품은 당연히 광고가 금지돼 있으며 일반의약품이라도 표현에 많은 제약이 따른다. 따라서 삼성 등 대기업과 같은 기업광고를 할 수 없다. 이에 제약사가 가진 대표적인 일반의약품 광고를 통해 기업의 인지도를 높이는 기업 PR의 기능도 하는 것이다. 대웅제약의 우루사, 동국제약의 인사돌 등은 각 제약사를 대표하는 간판 제품이기에 매출액에 비해 다소 무리한 광고비를 지출하기도 한다.제약업계 관계자는 “각 제약사마다 대표되는 일반의약품들이 있는데 이를 지속적으로 TV와 같은 매체를 통해 노출시키는 이유는 꼭 제품 매출에만 기여하기 위한 것은 아니다”며 “오히려 제품 매출액에 비해 광고비를 많이 쓰기도 하는데 이는 기업 전체의 이미지 광고 용도로도 볼 수 있다”고 말했다.ikson@heraldcorp.com 제약사 매출액(억원) 광고선전비(억원) 비율(%)명인제약 1408 265 18.8유한양행 11287 365 3.2동국제약 2295 277 12.1파마리서치프로덕트 348 40 11.5셀트리온제약 636 80 12.6광동제약 7911 343 4.3*명인제약, 유한양행은 2015년 기준. *동국제약, 파마리서치, 셀트리온, 광동제약은 2016년 3분기 누적. ▶영감이란 불꽃에 타오르게할 스토리(INSPIRE)▶인기 무료 만화 ▶나만의 변호사 찾기 - Copyrights ⓒ 헤럴드경제 & heraldbiz.com, 무단 전재 및 재배포 금지 -헤럴드경제 관련뉴스해당 언론사에서 선정하며 언론사 페이지(아웃링크)로 이동해 볼 수 있습니다.문재인 치매설 왜 떴나…A부터 Z까지 총정리김우리 ""고영태 끼많고 누나들이 예뻐해, 최순실과는…""나경원, 한국당 남은 이유 ""바람난 남편 왜 이혼해주나""그 정미홍마저 ""박근혜 전 대통령은 영…""최순실, 몰래 朴 사저 집기 장시호 거처로 옮겨좋아요0훈훈해요0슬퍼요0화나요0후속기사 원해요0기사제공 :']"
