﻿,회사명,날짜,언론사,기사제목,링크,본문
0,셀트리온, 2017-04-1421:11,디지털타임스 ,"컴투스, 공매도과열종목 `1호` 불명예",https://finance.naver.com/news/news_read.nhn?article_id=0002397792&office_id=029&mode=search&query=셀트리온&page=1,"['       컴투스, 공매도과열종목 `1호` 불명예      기사입력2017-04-14 21:11기사원문좋아요훈훈해요좋아요 평가하기공감좋아요0훈훈해요0슬퍼요0화나요0후속기사 원해요0댓글 모바일게임업체 컴투스가 공매도 과열 종목으로 지정됐다. 당국이 \'공매도 과열종목 지정제\'를 시행한 후 첫 지정 사례다. 한국거래소는 14일장 마감 후 홈페이지를 통해 컴투스를 공매도과열종목으로 적출, 오는 17일 하루 동안 공매도거래를 제한한다고 밝혔다. 컴투스는 이날 거래에서 공매도 비중이 22.12%에 달했고 공매도 비중이 직전 40거래일 평균 대비 123.62% 증가했다. 또 이날 주가는 전 거래일보다 5.27% 하락했다. 공매도 과열종목으로 지정되려면 ▲ 당일 거래에서 공매도 비중 20% 이상(코스닥·코넥스 시장은 15% 이상) ▲ 공매도 비중 직전 40거래일 평균 대비 2배 이상 증가 ▲ 전날 종가 대비 5% 이상 하락 등 세 가지 요건을 모두 충족해야 한다. 컴투스는 최근 코스닥 시장에서 공매도의 주요 타깃이 돼 왔다. 컴투스의 올해 들어 14일까지 누적 공매도 금액은 716억원 가량으로 셀트리온[068270](3천638억워)과 카카오[035720](2천786억원), 메디톡스(892억원), 파라다이스[034230](885억원), SK머티리얼즈(747억원)에 이어 6위에 올라 있다. 공매도 거래비중은 14일까지 9.43%였다. 디지털뉴스부기자 dtnews@dt.co.kr디지털타임스 홈페이지 바로가기/SNS 바로가기확바뀐 디지털타임스 연예·스포츠 섹션 바로가기< Copyrights ⓒ 디지털타임스 & dt.co.kr, 무단 전재 및 재배포 금지 >강은성 esther@디지털타임스 관련뉴스해당 언론사에서 선정하며 언론사 페이지(아웃링크)로 이동해 볼 수 있습니다.\xa0\'레볼루션 효과\' 넷마블, 세계 모바일게임사 3위 급상승\xa0극단 공약·발언 트럼프, 현실과 타협 급격한 \'유턴\' 속사정\xa0""대기오염이 심장병 유발"" 흡입시 충격적 신체변화\xa0아프간 투하 \'폭탄의 어머니\' GBU-43, 위력 어느 정도인지 봤더니\xa0애플, 디즈니도 삼키나… 시총 1조달러 \'메가합병설\' 솔솔좋아요0훈훈해요0슬퍼요0화나요0후속기사 원해요0기사제공 :']"
1,셀트리온, 2017-04-1420:39,매일경제 ,컴투스 공매도 과열종목 첫 지정,https://finance.naver.com/news/news_read.nhn?article_id=0003924149&office_id=009&mode=search&query=셀트리온&page=1,"[""       컴투스 공매도 과열종목 첫 지정      기사입력2017-04-14 20:39기사원문좋아요훈훈해요좋아요 평가하기공감좋아요0훈훈해요0슬퍼요0화나요0후속기사 원해요0댓글 컴투스가 코스닥 상장사 중 1호 공매도 과열 종목으로 지정됐다. 한국거래소는 14일 장 마감 후 컴투스를 공매도 과열 종목으로 지정해 오는 17일 하루 동안 공매도 거래를 제한한다고 밝혔다. 컴투스는 14일 하루 거래에서 공매도 비중이 22.12%에 달했다. 직전 40거래일 평균 대비 123.62% 증가한 규모다. 공매도 영향으로 이날 주가는 전 거래일보다 5.27% 하락했다. 컴투스는 최근 코스닥시장에서 공매도의 주요 타깃이 돼 왔다. 컴투스의 올해 들어 지난 14일까지 누적 공매도 금액은 716억원가량으로 셀트리온(3638억원)과 카카오(2786억원), 메디톡스(892억원), 파라다이스(885억원), SK머티리얼즈(747억원)에 이어 6위다. 한국거래소는 △당일 거래에서 공매도 비중 20% 이상(코스닥·코넥스 시장은 15% 이상) △공매도 비중이 직전 40거래일 평균 대비 2배 이상 증가 △전날 종가 대비 5% 이상 하락 등 세 가지 요건에 모두 해당하는 종목을 공매도 과열 종목으로 지정한다. [배미정 기자][매일경제 공식 페이스북] [오늘의 인기뉴스] [매경 프리미엄][ⓒ 매일경제 & mk.co.kr, 무단전재 및 재배포 금지]매일경제 관련뉴스해당 언론사에서 선정하며 언론사 페이지(아웃링크)로 이동해 볼 수 있습니다.'17세 연하 남친' 둔 45세 미나, 폴댄스 영상 '입이 쩍'새 대통령 누가되든 집값에는 '글쎄'[포커스] 달라진 롯데, 이대호의 '빅보이 매직''봄나물인줄 알았더니…' 헷갈리면 큰일나는 독초'핫바디' NS윤지, 비키니 입고 글래머 몸매 드러내다좋아요0훈훈해요0슬퍼요0화나요0후속기사 원해요0기사제공 :""]"
2,셀트리온, 2017-04-1419:15,이데일리 ,"컴투스, 공매도과열종목 1호 지정…17일 공매도 거래제한",https://finance.naver.com/news/news_read.nhn?article_id=0003800027&office_id=018&mode=search&query=셀트리온&page=1,"['       컴투스, 공매도과열종목 1호 지정…17일 공매도 거래제한      기사입력2017-04-14 19:15기사원문좋아요훈훈해요좋아요 평가하기공감좋아요0훈훈해요0슬퍼요0화나요0후속기사 원해요0댓글- 공매도 비중 22.12%- 직전 40거래일 평균 대비 123.62%- 14일 주가 5.27% 하락[이데일리 정수영 기자] ‘공매도과열종목’ 지정제 시행 후 첫 대상 종목이 나왔다. 코스닥 상장사 컴투스(078340)로 공매도 과열 종목 1호가 됐다. 한국거래소는 14일 장 마감 후 컴투스를 공매도과열종목으로 적출, 오는 17일 1일간 공매도 거래를 제한한다고 밝혔다. 거래소에 따르면 컴투스는 이날 거래에서 공매도 비중이 22.12%에 달했고 공매도 비중이 직전 40거래일 평균 대비 123.62% 증가했다. 이날 주가는 전 거래일보다 5.27% 하락했다. 거래소는 △당일 거래에서 공매도 비중 20% 이상(코스닥·코넥스 시장은 15% 이상) △공매도 비중 직전 40거래일 평균 대비 2배 이상 증가 △전날 종가 대비 5% 이상 하락 등 세 가지 요건에 모두 해당하는 종목을 공매도과열종목으로 지정한다. 컴투스의 올해 누적 공매도 금액은(14일 현재) 716억원으로 셀트리온(068270)(3638억), 카카오(035720)(2786억), 메디톡스(086900)(892억), 파라다이스(034230)(885억), SK머티리얼즈(036490)(747억원)에 이어 6위에 올랐다. 공매도 거래비중은 이날까지 9.43%다.정수영 (grassdew@edaily.co.kr)＜ⓒ종합 경제정보 미디어 이데일리 - 무단전재 & 재배포 금지＞이데일리 관련뉴스해당 언론사에서 선정하며 언론사 페이지(아웃링크)로 이동해 볼 수 있습니다.北 보란듯이…美, IS 근거지에 \'폭탄의 어머니\' GBU-43 폭격[국방중기계획]신형 고속정·유도로켓 NLL 배치…서북도서용 UAV도경북 영덕 앞바다서 길이 2.5m 식인상어 잡혀..""어업·레저 활동 주의해야""[포토] 여동생 김여정 바라보는 北김정은\'썰전\' 유시민 현재의 \'안풍\' 은 \'문재인 싫어\'가 만든 현상""...좋아요0훈훈해요0슬퍼요0화나요0후속기사 원해요0기사제공 :']"
3,셀트리온, 2017-04-1419:03,헤럴드경제 ,"컴투스, 공매도과열종목 ‘1호’ 지정",https://finance.naver.com/news/news_read.nhn?article_id=0001224618&office_id=016&mode=search&query=셀트리온&page=1,"['       컴투스, 공매도과열종목 ‘1호’ 지정      기사입력2017-04-14 19:03기사원문좋아요훈훈해요좋아요 평가하기공감좋아요0훈훈해요0슬퍼요0화나요0후속기사 원해요0댓글- 17일 하루 동안 컴투스 공매도 거래 제한[헤럴드경제=김지헌 기자] ‘공매도 과열종목 지정제’ 시행 후 처음으로 코스닥 상장사 컴투스가 공매도 과열 종목으로 지정됐다. 한국거래소는 14일 장 마감 이후 컴투스를 공매도과열종목으로 적출, 오는 17일 하루 동안 공매도 거래를 제한한다고 밝혔다. 사진=한국거래소컴투스는 이날 거래에서 공매도 비중이 22.12%를 기록했고, 공매도 비중이 직전 40거래일 평균 대비 123.62% 증가했다. 또 이날 주가는 전 거래일보다 5.27% 하락했다.공매도 과열종목으로 지정되려면 ▷당일 거래에서 공매도 비중 20% 이상(코스닥ㆍ코넥스 시장은 15% 이상) ▷공매도 비중 직전 40거래일 평균 대비 2배 이상 증가 ▷전날 종가 대비 5% 이상 하락 등 세 가지 요건을 모두 충족해야 한다.한편 컴투스는 최근 코스닥 시장에서 공매도의 주요 타깃이 돼 왔다.컴투스의 올해 들어 14일까지 누적 공매도 금액은 716억원 수준으로 셀트리온(3638억워)과 카카오(2786억원), 메디톡스(892억원), 파라다이스(885억원), SK머티리얼즈(747억원)에 이어 6위에 올라 있다.raw@heraldcorp.com▶영감이란 불꽃에 타오르게할 스토리(INSPIRE)▶인기 무료 만화 ▶나만의 변호사 찾기 - Copyrights ⓒ 헤럴드경제 & heraldbiz.com, 무단 전재 및 재배포 금지 -헤럴드경제 관련뉴스해당 언론사에서 선정하며 언론사 페이지(아웃링크)로 이동해 볼 수 있습니다.北 ""미국 도발하면 전쟁하겠다""…美, 北 선제타격 준비 마쳐정청래 ""홍준표,불량 고등학생 같다…한판 붙자""조윤선, 교도소 방에 생쥐 나오자 질겁 \'꺅 라따뚜이\'진돗개 종교집단…""악귀 씌였다""며 3세아 살해 유기이재용→이재명, 유승민→유시민…文 실언 우려수준좋아요0훈훈해요0슬퍼요0화나요0후속기사 원해요0기사제공 :']"
4,셀트리온, 2017-04-1418:39,연합뉴스 ,공매도과열종목 '1호' 기업은 컴투스,https://finance.naver.com/news/news_read.nhn?article_id=0009189715&office_id=001&mode=search&query=셀트리온&page=1,"['       공매도과열종목 \'1호\' 기업은 컴투스      기사입력2017-04-14 18:39기사원문좋아요훈훈해요좋아요 평가하기공감좋아요0훈훈해요0슬퍼요0화나요0후속기사 원해요0댓글[컴투스제공 = 연합뉴스 자료사진](서울=연합뉴스) 권수현 기자 = 코스닥 상장사 컴투스가 공매도 과열 종목으로 지정됐다. 이는 \'공매도 과열종목 지정제\' 시행 후 처음이다.     한국거래소는 14일장 마감 후 홈페이지를 통해 컴투스를 공매도과열종목으로 적출, 오는 17일 하루 동안 공매도거래를 제한한다고 밝혔다.     컴투스는 이날 거래에서 공매도 비중이 22.12%에 달했고 공매도 비중이 직전 40거래일 평균 대비 123.62% 증가했다. 또 이날 주가는 전 거래일보다 5.27% 하락했다.     공매도 과열종목으로 지정되려면 ▲ 당일 거래에서 공매도 비중 20% 이상(코스닥·코넥스 시장은 15% 이상) ▲ 공매도 비중 직전 40거래일 평균 대비 2배 이상 증가 ▲ 전날 종가 대비 5% 이상 하락 등 세 가지 요건을 모두 충족해야 한다.     컴투스는 최근 코스닥 시장에서 공매도의 주요 타깃이 돼 왔다.     컴투스의 올해 들어 14일까지 누적 공매도 금액은 716억원 가량으로 셀트리온(3천638억워)과 카카오(2천786억원), 메디톡스(892억원), 파라다이스(885억원), SK머티리얼즈(747억원)에 이어 6위에 올라 있다.     공매도 거래비중은 14일까지 9.43%였다.     inishmore@yna.co.kr최신 유행 트렌드 총집결 #흥(클릭!)연합뉴스 관련뉴스해당 언론사에서 선정하며 언론사 페이지(아웃링크)로 이동해 볼 수 있습니다.\xa0주사 아줌마 ""朴 주사 놔줄때마다 이영선이 10만원씩 건네""\xa0\'진돗개 숭배\' 사교집단, 3살 아이 ""악귀 씌였다"" 살해\xa0승객 끌어내린 유나이티드항공, 이번엔 승객 머리위에 전갈\xa0安부인 김미경, \'비서 사적업무\'에 ""제 불찰, 고개숙여 사과""\xa0""층간소음 스트레스로""…차 26대 펑크 낸 대학생좋아요0훈훈해요0슬퍼요0화나요0후속기사 원해요0기사제공 :']"
5,셀트리온, 2017-04-1416:05,헤럴드경제 ,"[마감시황]코스피, 外人 매물 폭탄에 2130선 힘겹게 사수",https://finance.naver.com/news/news_read.nhn?article_id=0001224569&office_id=016&mode=search&query=셀트리온&page=1,"['       [마감시황]코스피, 外人 매물 폭탄에 2130선 힘겹게 사수      기사입력2017-04-14 16:05기사원문좋아요훈훈해요좋아요 평가하기공감좋아요0훈훈해요0슬퍼요0화나요0후속기사 원해요0댓글 [헤럴드경제=문영규ㆍ정경수 기자] 코스피(KOSPI)가 14일 외국인투자자들의 매도로 두자릿수 낙폭을 보이며 전날 상승분을 반납하고 다시 2130선까지 밀려났다.이날 코스피는 전날보다 13.73포인트(-0.64%) 내린 2134.88에 거래를 마쳤다. 2140선 약보합으로 출발한 지수는 장 초반 2141.61에서 고점을 찍은 후 장중 내내 내림세를 보였다.장중 외인 매도 속에 기관의 매수매도 흐름이 지수의 등락을 좌지우지했다. [사진=게티이미지]이날 유가증권시장에서는 외국인이 홀로 736억원을 순매도하며 이틀째 팔았다. 기관과 개인은 각각 221억원, 447억원을 순매도했다.업종별로는 은행(0.77%), 음식료업(0.08%), 철강금속(0.05%)를 제외하고는 내렸다.의료정밀(-1.37%), 전기가스업(-1.33%), 서비스업(-1.14%), 증권(-1.05%), 운수창고(-1%) 등은 내렸다. 시가총액 상위종목은 SK하이닉스(0.10%), POSCO(0.19%), 현대모비스(0.45%)를 제외하고는 내렸다.삼성전자(-0.94%), 한국전력(-1.65%), NAVER(-1.87%), 삼성물산(-0.40%), 신한지주(-0.64%), 삼성생명(-0.92%) 등은 내렸다.현대차는 주가변동이 없었다. 이날 유가증권시장에서 현대모비스는 하루만에 다시 시가총액 상위순위 9위 자리를 되찾았다. 지난해 말 시가총액 상위 5위에 머물렀던 현대모비스는 지난 13일 시총 10위까지 밀려났었다. 은행주는 대우조선해양의 채무재조정안 여부를 결정하는 국민연금공단 투자위원회를 앞두고 약세를 보였다. 신한지주는 전날보다 0.64% 하락한 4만6250원에 거래를 마감했다. KB금융 역시 0.62% 낮은 4만8250원, BNK금융지주가 -0.55% 내린 9080원에 거래를 마쳤다.일부 은행들은 대우조선해양 관련 위험에 대한 충당금 부담을 가지고 있다.금융투자업계에선 대우조선해양의 채무재조정안 수용 여부에 따라 4000억∼9000억원대의 충당금 부담을 질 수 있다는 관측이 나온다.김인 메리츠종금증권 연구원은 대우조선해양이 프리패키지드플랜(P플랜)에 들어가면 시중은행 충당금 부담이 9878억원에 달할 것으로 전망했다.이 가운데 KEB하나은행이 4989억원으로 부담이 가장 크다.이어 KB국민은행이 2750억원으로 많고 신한은행이 1270억원, 우리은행 429억원 등이다. 이어 기업은행 186억원, JB전북은행 161억원, 부산은행 92억원 순인 것으로 알려졌다.통신 3사는 반등 하루 만에 다시 하락했다. SK텔레콤은 전날보다 0.81% 내린 24만3500원에 장을 마감했다. LG유플러스는 0.35% 내렸다. KT는 주가변동이 없었다. 통신 3사는 최근 5거래일 간 하루를 제외하고 모두 일제히 하락했다. 통신비 인하와 단통법 폐지, 제로레이팅 허용 등 사안이 주요 쟁점으로 부각되면서 양호한 실적 전망에도 정치적 불확실성이 주가를 끌어내리고 있는 것으로 풀이 된다.엔씨소프트는 신작 모바일 게임인 ‘리니지M’의 흥행 기대감에 3일 연속 신고가를 경신했다. 엔씨소프트는 장중 36만1500원을 기록, 52주 신고가를 새로 썼다. 다만 신고가를 기록한 후 0.28% 내려 하락마감했다. 김학준 키움증권 연구원은 “1분기 실적이 기대보다 저조할 것으로 예상되지만 리니지M을 바탕으로 2분기부터 실적이 크게 개선될 것”이라고 전망했다. 지난 12일 사전예약을 시작한 리니지M은 개장 8시간 만에 100만명이 몰리는 등 흥행 조짐을 보이고 있다.크라운해태제과그룹 계열사 주가는 일제히 급등했다. 이날 크라운제과는 장 초반부터 전날 대비 29.91% 오른 2만9600원까지 치솟아 상한가를 기록했다. 하지만 등폭을 줄여 12.15% 오른 2만4000원에 마감했다. 크라운제과 우선주도 전날보다 29.78% 오른 2만4150원에 거래되면서 장중 상한가를 기록했다. 다만 장중 등폭을 줄여 7.30% 오른 1만9100원에 거래를 마쳤다. 그룹 내 계열사인 해태제과식품 역시 장중 30% 가까이 올랐지만 장 마감이 다가오면서 오름폭을 줄여 7.53% 오른 2만원에 거래를 마쳤다.지주사인 크라운해태홀딩스 역시 장중 20% 넘게 오르기도 했지만 장 마감이 다가오면서 등폭을 줄여 3.08% 오른 4만100원에 거래를 마쳤다. 앞서 지난해 10월 21일 크라운제과는 식품제조·판매를 담당하는 식품 사업부문을 인적 분할해 신설회사를 설립하고, 존속회사를 지주회사로 전환하기로 했다고 공시했다. 존속회사는 지주회사인 ‘크라운해태홀딩스’로 명칭을 바꾸고 투자와 브랜드 사업에 집중하며 신설회사 ‘크라운제과’는 식품제조와 판매사업을 맡게 됐다. 경영효율성과 투명성을 극대화하고 장기적 성장을 위한 기업 지배구조를 확립하기 위한 포석이다.한편 크라운해태제과그룹주는 개인매수세가 주가를 끌어올리는 것으로 분석된다. 음식료업종지수는 약세장 속에서도 강세를 보여 업종지수 중 가장 높은 상승률을 기록했다.코스닥지수는 전날보다 5.63포인트(-0.90%) 내린 618.24에서 마감했다. 지수는 기관의 5거래일 연속 ‘사자’에도 외국인과개인의 매도세에 나흘만에 다시 610선으로 밀려났다.코스닥 시장에서 외국인과 개인은 각각 105억원, 307억원을 순매도했다. 개인은 307억원을 순매수했다. 시가총액 상위종목은 혼조세였다.셀트리온(-0.67%), CJ E&M(-0.71%), 메디톡스(-1.48%), SK머티리얼즈(-0.06%), 컴투스(-5.27%) 등은 내렸다.카카오(0.91%), 로엔(0.34%), 코미팜(1.10%), 바이로메드(3.09%), 에스에프에이(3.59%) 등은 올랐다.에스에프에이는 연일 상승세를 보이며 GS홈쇼핑을 제치고 코스닥 시가총액상위 10위 자리를 차지했다.이날 원ㆍ달러 환율은 전날보다 10.30원(0.91%) 오른 1140.00원으로 마감했다.ygmoon@heraldcorp.com▶영감이란 불꽃에 타오르게할 스토리(INSPIRE)▶인기 무료 만화 ▶나만의 변호사 찾기 - Copyrights ⓒ 헤럴드경제 & heraldbiz.com, 무단 전재 및 재배포 금지 -헤럴드경제 관련뉴스해당 언론사에서 선정하며 언론사 페이지(아웃링크)로 이동해 볼 수 있습니다.北 ""미국 도발하면 전쟁하겠다""…美, 北 선제타격 준비 마쳐조윤선, 교도소 방에 생쥐 나오자 질겁 \'꺅 라따뚜이\'진돗개 종교집단…""악귀 씌였다""며 3세아 살해 유기이재용→이재명, 유승민→유시민…文 실언 우려수준류수영♥박하선 \'넘사벽\' 셀프 웨딩 사진 공개좋아요0훈훈해요0슬퍼요0화나요0후속기사 원해요0기사제공 :']"
6,셀트리온, 2017-04-1415:55,이데일리 ,"[마감]코스닥, 외인·개인 매도 속 하루만에 610선 밀려나",https://finance.naver.com/news/news_read.nhn?article_id=0003799918&office_id=018&mode=search&query=셀트리온&page=1,"['       [마감]코스닥, 외인·개인 매도 속 하루만에 610선 밀려나      기사입력2017-04-14 15:55기사원문좋아요훈훈해요좋아요 평가하기공감좋아요0훈훈해요0슬퍼요0화나요0후속기사 원해요0댓글- 외국인·개인 동반매도…기관 5거래일 연속 매수세- 소프트웨어·디지털컨텐츠 등 대다수 업종 하락[이데일리 이후섭 기자] 지정학적 리스크가 또 다시 부각되면서 코스닥지수는 하루만에 610선으로 밀려났다. 외국인과 개인의 동반 매도 속에서 대다수 업종이 하락세를 나타냈다. 14일 마켓포인트에 따르면 코스닥지수는 전날대비 5.63포인트(0.90%) 내린 618.24로 거래를 마쳤다. 소폭 하락 출발한 이날 지수는 오전 한때 상승세를 보이기도 했으나 오후 들어 낙폭을 키워갔다.외국인은 105억원어치를 팔아치우며 매도세를 이어갔다. 개인도 308억원 순매도했다. 기관은 392억원 순매수하며 5거래일 연속 매수세를 나타냈다. 금융투자(124억원), 투신(89억원), 연기금(76억원), 사모펀드(55억원), 국가·지자체(36억원), 보험(23억원) 등이 매수우위를 보였다. 거의 모든 업종이 약세를 보였다. 소프트웨어와 디지털컨텐츠, 통신서비스, 정보기기가 2% 넘게 떨어졌다. 금융, 운송장비·부품, 일반전기전자, 컴퓨터서비스, 의료·정밀기기, 통신장비 등도 1%대 하락률을 보였다. 반면 인터넷과 섬유·의류는 상승 마감했다.시가총액 상위종목은 엇갈린 행보를 보였다. 컴투스(078340)가 5% 넘게 하락했으며 셀트리온(068270), CJ E&M(130960), 메디톡스(086900), 파라다이스(034230), CJ오쇼핑(035760) 등도 약세를 면치 못했다. 반면 바이로메드(084990)와 에스에프에이(056190)는 3%가 넘는 주가 상승률을 보였다. 카카오(035720), 로엔(016170), 코미팜(041960), GS홈쇼핑(028150), 휴젤(145020), 코오롱생명과학(102940) 등도 상승세.이엘케이(094190)는 자회사 두모전자의 실적 성장과 기업공개(IPO) 계획을 밝히면서 가격제한폭까지 치솟았다. 원풍물산(008290)과 제룡산업(147830)도 10% 넘게 올랐으며 인콘(083640), 하이셈(200470), 비엠티(086670), 보타바이오(026260), 바른손(018700), 대신정보통신(020180), 이에스브이(223310) 등의 주가 상승세도 두드러졌다. 인프라웨어(041020)를 비롯해 판타지오(032800), 솔트웍스(230980), 모바일어플라이언스(087260), 지엘팜텍(204840), 안랩(053800), 아스타(246720), 바이오로그디바이스(208710) 등은 상대적으로 큰 낙폭을 기록했다.이날 거래량은 6억9048만8000주, 거래대금은 3조3748억6200만원으로 집계됐다. 상한가 1개를 포함해 274개 종목이 올랐고 하한가 없이 838개 종목은 내렸다. 80개 종목은 보합으로 마감했다.이후섭 (dlgntjq@edaily.co.kr)＜ⓒ종합 경제정보 미디어 이데일리 - 무단전재 & 재배포 금지＞이데일리 관련뉴스해당 언론사에서 선정하며 언론사 페이지(아웃링크)로 이동해 볼 수 있습니다.北 보란듯이…美, IS 근거지에 \'폭탄의 어머니\' GBU-43 폭격\'주총 거수기 아니다\'…목청 돋운 국민연금\'스포트라이트\', 박정희 정부 \'스위스 계좌\'의 비밀유시민 현재의 \'안풍\' 은 \'문재인 싫어\'가 만든 현상""...전원책 목욕탕서 \'트럼프가 北 때릴 것 같냐\'는 질문에 알몸 토론 펼쳐좋아요0훈훈해요0슬퍼요0화나요0후속기사 원해요0기사제공 :']"
7,셀트리온, 2017-04-1415:47,뉴스1 ,[시황종합] 北 리스크에 환율 널뛰기…코스피 2134 하락 마감,https://finance.naver.com/news/news_read.nhn?article_id=0002673680&office_id=421&mode=search&query=셀트리온&page=1,"['       [시황종합] 北 리스크에 환율 널뛰기…코스피 2134 하락 마감      기사입력2017-04-14 15:47기사원문좋아요훈훈해요좋아요 평가하기공감좋아요0훈훈해요0슬퍼요0화나요0후속기사 원해요0댓글달러/원 장중 1141원까지 오른 뒤 1140원 마감코스닥 사흘 만에 610선으로 \'푹\'(서울=뉴스1) 김태헌 기자 = 북한 리스크에 코스피가 2130선으로 내려 앉았다. 내일(15일) 태양절(김일성 주석 생일)을 앞두고 북한이 핵실험을 감행할 수도 있다는 불안감이 퍼진 탓이다. 코스닥도 사흘 만에 210선으로 내려왔다. 원화는 안전 자산인 달러 선호심리가 커지면서 약세를 보였다. 달러/원 환율은 전날보다 10.3원 오른 1140.0원에 마쳤다.코스피는 14일 전거래일보다 13.73포인트(0.64%) 내린 2134.88에 장을 마쳤다. 전날 19.70포인트나 오르며 2150선 턱밑까지 갔던 코스피는 북한 리스크에 다시 2130선으로 떨어졌다.북한 등 지정학적 리스크로 인해 외국인 자금이 썰물처럼 빠져나갔다. 이날 외국인은 758억원을 팔아치웠다. 개인과 기관은 각각 447억원, 220억원을 순매수했다. 전문가들은 투자자들이 불안감 속에 관망세로 들어갔다고 분석했다. 이날 코스피 거래대금은 지난 2월20일 이후(38일 만에) 가장 적은 33조1600억원을 기록했다.대장주 삼성전자는 전날보다 2만원(0.94%) 떨어진 210만1000원에 장을 마쳤다. SK하이닉스와 포스코, 현대모비스를 제외한 시총 상위종목 대부분이 하락세였다.코스닥도 사흘 만에 610선으로 떨어졌다. 이날 코스닥은 전날보다 5.63포인트(0.90%) 내린 618.24로 장을 마감했다. 개인과 외국인이 각각 308억원, 104억원씩 순매도했다. 기관은 홀로 392억원 순매수했다.시총 상위주 등락은 엇갈렸다. 셀트리온과 CJ E&M, 메디톡스, 컴투스가 하락했다. 카카오와 로엔, 바이로메드 등은 올랐다.북한 리스크에 환율은 요동쳤다. 전날 11.7원 급락했던 달러/원 환율은 전날보다 10.3원이나 오른 1140.0원에 장을 마치며 널뛰기를 했다. 북한과 중동의 지정학적 리스크로 안전 자산인 달러 선호도가 높아지면서 원화가 약세를 보였다. 이날 엔/원 환율도 전날보다 11.1원이나 오른 1046.8원으로 장을 마쳤다.한반도의 군사적 긴장감이 연일 높아지고 있다. 오는 15일 태양절을 앞두고 북한이 군사적 행동을 감행할 수 있다는 우려가 퍼졌다. 러시아의 한 매체는 북한 김정은 노동당 위원장이 평양 시민 60만명에게 퇴거령을 내렸다는 내용을 보도하기도 했다.미국 싱크탱크 전략국제문제연구소(CSIS)는 북한이 앞으로 한 달 내 핵실험이나 미사일 발사 등 대량파괴무기(WMD)를 사용할 가능성이 84%라고 전망했다.solidarite4u@▶ 놓치면 후회! 최신 만화 보기 / 2017년 나의 운세 보기▶ 여러분의 제보를 기다립니다. 제보하기(클릭!)[© 뉴스1코리아(news1.kr), 무단 전재 및 재배포 금지]뉴스1 관련뉴스해당 언론사에서 선정하며 언론사 페이지(아웃링크)로 이동해 볼 수 있습니다.박근혜 ""독방 지저분하다""…서울구치소 당직실 사용 논란\'모든 폭탄의 어머니\' GBU-43은?…32㎞서도 버섯구름 \'핵폭탄급\'조카들 옆에 누웠는데…잠든 처제 몸을 \'더듬더듬\'""새 타이어 탐나""…지게차로 승용차 훔치고 불질러""귀신 씌었다""…3살 아들 때려 죽이고 매장한 엄마좋아요0훈훈해요0슬퍼요0화나요0후속기사 원해요0기사제공 :']"
8,셀트리온, 2017-04-1413:54,한국경제TV ,"바닥탈출 '제약·바이오', 투자심리 살아날까 (ll)",https://finance.naver.com/news/news_read.nhn?article_id=0000542852&office_id=215&mode=search&query=셀트리온&page=1,"['       바닥탈출 \'제약·바이오\', 투자심리 살아날까 (ll)      기사입력2017-04-14 13:54기사원문좋아요훈훈해요좋아요 평가하기공감좋아요0훈훈해요0슬퍼요0화나요0후속기사 원해요0댓글[한국경제TV 김태일 PD][증시라인11]- 앵커 : 김동환 경제 칼럼니스트 / 경희대학교 국제지역연구원 객원연구위원- 출연 :  김일구 / 한화투자증권 리서치센터장전승지 / 삼성증권 책임연구원강양구 / HMC투자증권 제약 바이오 애널리스트-김일구 : 지금 시장에는 심리적 불안감이 잠복해 있기 때문에 시장을 짧게 볼 필요가 있다. 최근 반등을 노리고 있는 바이오 업종은 원천기술을 보유하고 있는 것이 아니라, 제네릭이나 시밀러 기술이기 때문에 반등할 수 있는 기회가 충분하다. 다만 대형주의 상승은 글로벌 경기회복세의 위축으로 상승여력이 약화될 가능성이 높으니 중소형주를 중심으로 한 단기적 대응이 유효할 것이다.-전승지 : 5월 대선 이후 국내에 새 정부가 출범하게 되면서 10조~20조의 추경 편성이 가능할 것으로 해외 IB들 높게 점치고 있다. 하지만 현재 국내 성장률이 예상보다 좋아지고 있고, 한은도 3년만에 성장률 상향조정 했기 때문에 국회에서 추경에 대한 합의가 이루어질지 의문이다. 대내외적으로 리스크 요인이 돌발하고 있으나 펀더멘탈에 치명적인 악재로 작용할 것 같진 않다. 경기 여건과 기업실적 등에 더 정밀한 분석이 필요하다.-강양구 : 국내제약 시장의 원외 처방액을 고려할 때 1분기 역시 yoy 5% 가량 성장중으로 고령화사회가 진척될수록 심혈관계, 신경계 의약품의 처방액은 증가할 것이다. 셀트리온헬스케어의 신규 상장 및 삼성바이오로직스의 200편입 예정으로 수급이슈가 존재한다.생명공학 카테고리에서는 제넥신, 코오롱생명과학, 신라젠을 추천하고, 전통 제약사 중에서 해외 진출 가시화가 부각되는 녹십자, 보령제약, 삼진제약을 관심종목으로 제안한다.[자세한 내용은 동영상을 참고하세요]★ 증시라인 11 , 평일 오전 11시 LIVE김태일 PD tikim@wowtv.co.kr▶심심할 땐 무서운 웹툰 한 편 보세요(보러가기 클릭) ⓒ 한국경제TV, 무단 전재 및 재배포 금지한국경제TV 관련뉴스해당 언론사에서 선정하며 언론사 페이지(아웃링크)로 이동해 볼 수 있습니다.박명수 여의도 접촉사고 현장 포착\'··2억원 레인지로버에서 내리면서 한 말이?이태임 수영복 자태 변천사…이 몸매가 굴욕?송해, 시청자 불쾌감 줬던 그 장면 때문에 결국…오윤아 ""술 마시고 덮치려는 사람도 있어…결혼이 탈출구""구하라, 연예계 싸움 서열 1위?…춘자가 인정한 \'걸그룹 주먹왕\' (비디오스타)좋아요0훈훈해요0슬퍼요0화나요0후속기사 원해요0기사제공 :']"
9,셀트리온, 2017-04-1411:03,한국경제 ,"국내 증시, 지정학적 리스크로 하락…원·달러 환율은 급등",https://finance.naver.com/news/news_read.nhn?article_id=0003755693&office_id=015&mode=search&query=셀트리온&page=1,"['       국내 증시, 지정학적 리스크로 하락…원·달러 환율은 급등      기사입력2017-04-14 11:03기사원문좋아요훈훈해요좋아요 평가하기공감좋아요0훈훈해요0슬퍼요0화나요0후속기사 원해요0댓글 국내 주식시장이 지정학적 리스크가 고조되면서 불안한 모습을 보이고 있다. 뚜렷한 매수 주체가 보이지 않는 가운데 코스피지수는 사흘 만에 하락 중이고, 원·달러 환율은 급락한 지 하루 만에 급등하고 있다. 14일 오전 10시 49분 현재 코스피지수는 전날보다 0.52% 내린 2137.54를 기록하고 있다. 매매일 기준으로 3일 만에 하락세로 돌아섰다. 한반도의 지정학적 리스크가 증시에 부정적인 영향을 주고 있는 것으로 풀이된다. 미국의 북한 전문매체 \'38노스\'에 따르면 북한은 풍계리 핵실험장에서 태양절(15일)을 맞아 6차 핵실험 준비를 마쳤다. 미국 정부는 이미 북한의 핵실험에 대해 \'세컨더리 보이콧(제3자 제재)\' 등 강력한 대처와 군사행동 가능성을 내비친 상황이다. 간밤 미국 뉴욕증시의 주요 지수가 일제히 하락 마감했다는 소식 역시 장초반부터 국내 증시에 부담을 줬다. 다우존스와 S&P500지수는 미국이 시리아를 공격했다는 소식에 전날보다 각각 -0.67%와 -0.68% 내렸다. 코스피(유가증권시장) 내 수급 상황은 관망세가 짙다. 개장 이후 지금까지 개인만 190억원 가량 \'나홀로 매수\'를 외치고 있는 반면 외국인과 기관은 각각 210억원과 16억원 가량 동반 매도에 나서고 있다. 업종별로는 음식료(1.04%) 의약품(0.49%) 철강금속(0.28%) 운수장비(0.03%) 등을 제외하고는 대부분 내림세다. 증권(-1.32%)과 전기가스(-1.15%) 업종지수가 상대적으로 가장 크게 하락 중이고 통신(-0.65%) 전기전자(-0.72%) 보험(-0.44%) 섬유의복(-0.50%) 운수창고(-0.61%) 등도 낙폭을 키우고 있다. 시가총액 상위주는 혼조세다. 삼성전자는 전날보다 0.85% 하락한 210만3000원에 거래되고 있는 반면 SK하이닉스는 1.11%의 주가상승률을 보이고 있다. 삼성전자우(-0.74%)와 한국전력(-1.54%)은 내리는 반면 포스코(0.38%)와 현대모비스(0.68%)는 오르고 있다. 현대차는 보합이다. 종목별로는 한미약품의 주가상승세가 돋보인다. 지난해 임상 중단으로 논란이 됐던 올리타정의 국내 임상 3상 시험 계획 승인에 매수세가 늘어나고 있는 상황. 한미약품과 한미사이언스는 전날 대비 각각 5.15%와 2.74% 상승한 30만6500원과 6만100원에 거래되고 있다. 이밖에 효성(2.64%) OCI(2.01%) 한전KPS(1.87%) LIG넥스원(1.76%) 삼성중공업(1.46%) 등도 1~2%대 강세다. 중소형주 위주인 코스닥지수도 장중 하락 반전했다. 개장초 강보합권을 유지하던 코스닥지수는 전날보다 0.30% 하락한 622.02를 나타내고 있다. 개인과 외국인이 각각 100억원과 25억원 가량 순매도 중이고 기관만 120억원 가량 \'사자\'를 외치고 있다. 시가총액 상위주는 혼조세다. 셀트리온이 보합권에 머물러 있는 가운데 카카오(1.59%)와 로엔(0.46%) 코미팜(1.24%) 등은 오르고 있는 반면 CJ E&M(-1.55%) 메디톡스(-0.48%) SK머티리얼즈(-0.47%) 등은 하락 중이다. 한편, 원·달러 환율은 급락한 지 하루 만에 다시 급상승하며 불안한 금융시장의 분위기를 반영하고 있다. 원·달러 환율은 전날보다 9.15원(0.81%) 급등한 1138.85원을 기록하며 달러당 1140원에 근접했다. 매매일 기준으로는 사흘 만에 상승세다. 정현영 한경닷컴 기자 jhy@hankyung.com[한경닷컴 바로가기] [스내커] [모바일한경 구독신청] ⓒ 한국경제 & hankyung.com, 무단전재 및 재배포 금지한국경제 관련뉴스해당 언론사에서 선정하며 언론사 페이지(아웃링크)로 이동해 볼 수 있습니다.코스피, 지정학적 리스크에 \'냉각\'…원·달러 환율은 상승""외국인 투자자들, 개별 종목 투자 선호""사시 때려치우고 귀농한 \'법대 농부\', 1년 수입이…\'구치소 3주차\' 박근혜…""식사 거의 못해 야위어""오리온 초코파이, 중국서 퍼진 댓글에…\'일파만파\'좋아요0훈훈해요0슬퍼요0화나요0후속기사 원해요0기사제공 :']"
10,셀트리온, 2017-04-1410:47,헤럴드경제 ,"[오전시황] 코스피, 밀어내는 外人ㆍ버티는 기관… 2140선 ‘미끌’",https://finance.naver.com/news/news_read.nhn?article_id=0001224338&office_id=016&mode=search&query=셀트리온&page=1,"['       [오전시황] 코스피, 밀어내는 外人ㆍ버티는 기관… 2140선 ‘미끌’      기사입력2017-04-14 10:47기사원문좋아요훈훈해요좋아요 평가하기공감좋아요0훈훈해요0슬퍼요0화나요0후속기사 원해요0댓글 [헤럴드경제=이은지ㆍ정경수 기자] 코스피(KOSPI)가 13일 이틀 만에 다시 내림세로 돌아서면서 2140선을 힘겹게 지키고 있다. 장중 2130선으로 추락했지만, 전날에 이은 기관의 매수세가 낙폭을 줄이는 모습이다.이날 코스피는 전날보다 10.33포인트(-0.48%) 내린 2138.28에 출발했다. 오전 9시 25분 현재 전날보다 7.41포인트(-0.34%) 내린 2141.27을 지나고 있다.장 초반 2137.41을 기록하며 2130선으로 밀려났지만 이내 2140선을 회복했다.[사진=게티이미지]이 시각 유가증권시장에서는 외국인과 개인이 각각 100억원, 45억원을 순매도하고 있다.기관은 홀로 135억원을 순매수하고 있다. 외국인과 개인은 전날에 이어 이틀째 매도세를 이어가고 있다.업종별로는 하락 종목이 다소 우세하다.증권(-0.97%), 금융업(-0.8%), 보험(-0.63%), 전기가스업(-0.6%), 전기ㆍ전자(-0.58%) 등은 내리고 있다.의약품(0.66%), 섬유ㆍ의복(0.09%), 음식료업(0.08%), 화학(0.07%), 건설업(0.07%) 등은 오르고 있다.시가총액 상위종목은 SK하이닉스(0.50%), 현대모비스(0.90%) 등을 제외하고는 내림세다.삼성전자(-0.75%), 현대차(-0.70%), 한국전력(-1.10%), NAVER(-0.12%), 삼성물산(-0.40%), POSCO(-0.38%), 신한지주(-1.50%), 삼성생명(-0.92%) 등은 내림세다.이 시각 유가증권시장에서는 통신주들이 반등 하루만에 일제히 하락세를 보이고 있다. SK텔레콤 주가는 전날보다 0.41% 내린 24만4500원에 거래되고 있다. KT는 전날보다 0.16% 내린 3만1350원에 거래 중이다. LG유플러스는 1.40% 내린 1만4100원에 거래되고 있다. 양호한 실적 전망에도 정치적 불확실성이 영향을 미친 것으로 풀이된다. 전날 안철수 국민의당 대선후보는 전날 “무제한요금제를 도입해 온 국민의 데이터 이용 기본권을 보장하겠다”고 밝혔다.앞서 문재인 더불어민주당 대선후보는 11일 ‘가계통신비 부담 절감 8대 정책’ 발표했다. 이동통신요금 기본료를 완전히 폐지하고 단말지 지원금 상한제도를 폐지하겠다는 내용을 담고 있다. 엔씨소프트는 신작 모바일 게임인 ‘리니지M’의 흥행 기대감에 3일 연속 신고가를 경신했다.엔씨소프트는 장중 36만1500원을 기록, 52주 신고가를 새로 썼다.김학준 키움증권 연구원은 “1분기 실적이 기대보다 저조할 것으로 예상되지만 리니지M을 바탕으로 2분기부터 실적이 크게 개선될 것”이라고 전망했다. 지난 12일 사전예약을 시작한 리니지M은 개장 8시간 만에 100만명이 몰리는 등 흥행 조짐을 보이고 있다.같은 시각 코스닥지수는 전날보다 0.73포인트(0.12%) 오른 624.60를 지나고 있다.코스닥 시장에서는 외국인과 기관이 각각 41억원, 67억원을 순매수하고 있다.개인은 홀로 98억원을 순매도하고 있다. 시가총액 상위종목은 전반적으로 오름세다. 카카오(2.05%), CJ E&M(0.48%), 메디톡스(0.96%), 로엔(0.46%), 코미팜(0.69%), 바이로메드(2.35%), GS홈쇼핑(1.00%) 등은 오르고 있다.셀트리온(-0.33%), SK머티리얼즈(-0.18%), 컴투스(-1.94%) 등은 내리고 있다.이 시각 원ㆍ달러 환율은 전날보다 7.75원(0.69%) 오른 1137.45원에 거래되고 있다.leunj@heraldcorp.com▶영감이란 불꽃에 타오르게할 스토리(INSPIRE)▶인기 무료 만화 ▶나만의 변호사 찾기 - Copyrights ⓒ 헤럴드경제 & heraldbiz.com, 무단 전재 및 재배포 금지 -헤럴드경제 관련뉴스해당 언론사에서 선정하며 언론사 페이지(아웃링크)로 이동해 볼 수 있습니다.안철수 동생 ""형이 대통령? 난 없는 사람""美 외교문서 ""전두환에게 광주사태 게임플랜""문재인 44.8% 안철수 36.5% 홍준표 8.1%[종합] JYJ 박유천, 남양유업 창업주 외손녀와 결혼""서울 히로시마 원폭급 핵공격땐 40만명 즉각 사망""좋아요0훈훈해요0슬퍼요0화나요0후속기사 원해요0기사제공 :']"
11,셀트리온, 2017-04-1410:46,헤럴드경제 ,[증시일정-14일],https://finance.naver.com/news/news_read.nhn?article_id=0001224233&office_id=016&mode=search&query=셀트리온&page=1,"['       [증시일정-14일]      기사입력2017-04-14 10:46기사원문좋아요훈훈해요좋아요 평가하기공감좋아요0훈훈해요0슬퍼요0화나요0후속기사 원해요0댓글 ▷권리락=크루셜텍(유상)▷변경상장=광희자기관리부동산투자회사→에이자기관리부동산투자회사, 신성솔라에너지→신성이엔지(상호변경)▷보통주추가상장=이상네트웍스(주식매수선택권), 아이에스동서ㆍ서울제약ㆍ더블유홀딩컴퍼니ㆍCSA코스믹ㆍ비츠로시스ㆍ에스마크(CB), 하이소닉ㆍ파워로닉스ㆍ지에스이ㆍ코디(BW), 유테크ㆍ일동홀딩스ㆍ필링크(유상), 일동제약ㆍ휴메딕스ㆍ비씨월드제약ㆍ휴온스ㆍ휴온스글로벌ㆍ셀트리온(주식배당)▶영감이란 불꽃에 타오르게할 스토리(INSPIRE)▶인기 무료 만화 ▶나만의 변호사 찾기 - Copyrights ⓒ 헤럴드경제 & heraldbiz.com, 무단 전재 및 재배포 금지 -헤럴드경제 관련뉴스해당 언론사에서 선정하며 언론사 페이지(아웃링크)로 이동해 볼 수 있습니다.안철수 동생 ""형이 대통령? 난 없는 사람""美 외교문서 ""전두환에게 광주사태 게임플랜""문재인 44.8% 안철수 36.5% 홍준표 8.1%[종합] JYJ 박유천, 남양유업 창업주 외손녀와 결혼""서울 히로시마 원폭급 핵공격땐 40만명 즉각 사망""좋아요0훈훈해요0슬퍼요0화나요0후속기사 원해요0기사제공 :']"
12,셀트리온, 2017-04-1409:28,한국경제 ,"코스피, 외국인 '팔자'에 하락…원·달러 환율 급등",https://finance.naver.com/news/news_read.nhn?article_id=0003755656&office_id=015&mode=search&query=셀트리온&page=1,"['       코스피, 외국인 \'팔자\'에 하락…원·달러 환율 급등      기사입력2017-04-14 09:28기사원문좋아요훈훈해요좋아요 평가하기공감좋아요0훈훈해요0슬퍼요0화나요0후속기사 원해요0댓글 간밤 미국 증시가 지정학적 리스크로 하락 마감했다는 소식에 국내 증시도 장초반 약세다. 원·달러 환율은 급락한 지 하루 만에 급등세로 돌아섰다.  14일 오전 9시16분 현재 코스피지수는 전날보다 0.45% 내린 2138.87을 기록 중이다. 개인과 기관이 40억원과 80억원 가량 순매수에 나선데 반해 외국인이 130억원 가까이 \'팔자\'를 외치면서 지수에 부담을 주고 있다. 프로그램 매매를 통해서도 비차익을 중심으로 110억원 이상 매도 물량이 시장에 나오고 있다.   업종별로도 종이목재(0.17%) 섬유의복(0.18%) 화학(0.05%) 기계(0.06%) 등을 제외하고 대부분 내림세다. 증권(-1.24%) 전기가스(-0.90%) 전기전자(-0.86%) 의료정밀(-0.73%) 등의 하락 폭이 상대적으로 깊다. 시가총액 상위주는 대체로 하락 중이다. 삼성전자는 전날보다 0.90% 하락한 210만2000원에 거래되고 있고 SK하이닉스(-0.30%)와 삼성전자우(-0.37%)도 약보합권에 머물러 있다. 현대차와 한국전력은 전날보다 0.70%와 0.99% 내린 14만1500원과 4만4950원을 기록하고 있다. 종목별로는 한미약품의 상승세가 눈에 띈다. 지난 난해 임상 중단으로 논란이 됐던 올리타정의 국내 임상 3상 시험 계획 승인에 매수세가 늘어나고 있기 때문이다. 한미약품과 한미사이언스는 전날 대비 각각 4.63%와 2.56% 상승한 30만5000원과 6만원에 거래되고 있다. 중소형주 위주인 코스닥지수는 소폭 오름세다.코스닥지수는 같은 시간 전날보다 0.10% 오른 624.49를 나타내고 있다. 외국인과 기관이 각각 18억원과 73억원 어치 순매수 중인 반면 개인만 80억원 가량 매도 우위를 보이고 있다. 시가총액 상위주인 셀트리온(-0.22%)을 제외한 카카오(1.93%) CJ E&M(1.07%) 메디톡스(1.07%) 로엔(0.34%) 등은 전날보다 주가가 뛰고 있다. 한편, 서울외환시장에서 원·달러 환율은 불안한 금융시장 탓에 전날보다 6.95원(0.62%) 상승한 1136.65원을 기록 중이다. 정현영 한경닷컴 기자 jhy@hankyung.com[한경닷컴 바로가기] [스내커] [모바일한경 구독신청] ⓒ 한국경제 & hankyung.com, 무단전재 및 재배포 금지한국경제 관련뉴스해당 언론사에서 선정하며 언론사 페이지(아웃링크)로 이동해 볼 수 있습니다.(출발)코스피, 10.33p 하락 2138.28(마감)코스피 외국인 353억 순매도오리온 초코파이, 중국서 퍼진 댓글에…\'일파만파\'\'구치소 3주차\' 박근혜…""식사 거의 못해 야위어""""한 달에 1만대씩 팔려"" 출시 6년 만에 인기 폭발좋아요0훈훈해요0슬퍼요0화나요0후속기사 원해요0기사제공 :']"
13,셀트리온, 2017-04-1409:19,머니투데이 ,"코스피, 대북 리스크 재점화... 사흘만의 하락",https://finance.naver.com/news/news_read.nhn?article_id=0003856708&office_id=008&mode=search&query=셀트리온&page=1,"['       코스피, 대북 리스크 재점화... 사흘만의 하락       기사입력2017-04-14 09:19기사원문좋아요훈훈해요좋아요 평가하기공감좋아요0훈훈해요0슬퍼요0화나요0후속기사 원해요0댓글 [머니투데이 송선옥 기자] [원/달러 환율 다시 1130원대로... 외인 현선물 순매도 ]코스피 시장이 14일 하락 개장했다. 코스피 지수는 오전 9시15분 현재 전일대비 9.84포인트(0.46%) 내린 2138.77을 기록하고 있다. 사흘만의 약세다. 오는 15일 북한 핵실험 가능성이 대두된 가운데 미국이 아프가니스탄에 있는 이슬람국가(IS) 시설을 겨냥해 처음으로 비핵무기 중 최대위력을 지닌 폭탄 GBU-43/B를 투하했다는 소식이 다시 대북 리스크 우려를 키우면서 투자심리에 부정적인 영향을 미치고 있는 것으로 풀이된다. 전일 1120원대로 밀렸던 원/달러 환율도 반등하며 1130원대를 회복했다. 미국 뉴욕증시는 하락했다. 다우존스 산업평균 지수는 13일(현지시간) 전일대비 0.67% 하락한 2만453.25로, S&P(스탠다드앤푸어스)500 지수는 0.68% 떨어진 2328.59로 마감했다. 나스닥종합지수는 0.53% 떨어진 5805.15를 기록했다. 서부텍사스산원유(WTI) 5월 인도분 선물가격은 뉴욕상업거래소에서 배럴당 0.1% 오른 53.18달러로 거래를 마쳤다. 코스피 시장에서는 이틀째 ‘팔자’인 외국인이 87억원 순매도다. 기관과 개인이 각각 48억원, 31억원 순매수다. 프로그램 매매는 차익거래 2억원 순매도, 비차익거래 65억원 순매도 등 전체 68억원 매도 우위다. 지수선물 시장에서는 외국인과 기관이 각각 241계약, 282계약 순매도이나 개인이 805계약 순매수다. 상당수 업종이 약세다. 음식료품 화학 의약품 철강금속 기계 전기전자 의료정밀 유통업 전기가스업 건설업 운수창고 통신업 금융업 은행 증권 보험 서비스업 제조업 등이 하락이다. 시가총액 상위종목 상당수가 약세다. 삼성전자 SK하이닉스 현대차 한국전력 삼성물산 POSCO 신한지주 삼성생명 KB금융 SK 등이 하락이다. NAVER 현대모비스 LG화학 등이 오름세다. 한미약품이 식품의약품안전처의 폐암치료제 올리타정의 임상 3상 시험계획 승인 소식에 4% 넘게 올라 이틀째 상승세를 이어가고 있다. 한미약품의 지주사인 한미사이언스도 2% 이상 상승중이다. 크라운해태홀딩스가 18% 이상 급등하며 상장 나흘 연속 오름세를 이어가고 있다. 문재인 테마주로 거론되는 DSR DSR제강 우성사료 우리들제약 우리들휴브레인 등이 2~9%대 상승을 기록하고 있다. 코스닥 지수는 0.91포인트(0.03%) 밀린 623.68을 기록중이다. 외국인과 기관이 각각 4억원, 50억원 순매수다. 개인이 49억원 순매도로 대응하고 있다. 업종 중에서는 IT종합 오락문화 디지털컨텐츠 소프트웨어 통신장비 정보기기 화학 제약 기계장비 일반전기전자 등이 하락이다. 섬유의류가 1%대 상승이며 종이목재 인터넷 방송서비스 컴퓨터서비스 등이 오름세다. 시총 상위종목 중에서는 카카오 CJ E&M GS홈쇼핑 휴젤 등이 1%대 상승이다. 셀트리온 로엔 SK머티리얼즈 컴투스 CJ오쇼핑 에스에프에이 등이 약세다. 안랩이 7% 넘게 내리며 10만원선을 하회하고 있다. 원인QnC가 무상증자 실시 소식에 3%대 상승을 기록하며 사흘째 오름세다. 원익QnC는 전일 보통주 1주당 1주의 신주를 배정하는 무상증자를 실시한다고 공시했다. 한편 원/달러 환율은 서울 외국환시장에서 전일대비 6.80원(0.60%) 올라 1136.50원을 기록하고 있다. [▶깊이있는 투자정보 \'TOM칼럼\'][▶트렌드 리더의 스타일 지침서 \'스타일M\'][▶빵빵한 차&레이싱걸]송선옥 기자 oops@mt.co.kr머니투데이 관련뉴스해당 언론사에서 선정하며 언론사 페이지(아웃링크)로 이동해 볼 수 있습니다.박유천 피앙세 황하나 누구?…남양유업 외손녀\'땅콩 회항\' 조현아 전 부사장, 1년째 보육원서 자원봉사""하루 한끼 밥 세 숟갈""…이태임 극한 다이어트 화제안철수 동생 ""형이 대통령 되더라도 나는 없는 사람""변호사들 ""우병우 영장기각 예상대로…고영태 체포는 여론환기용""좋아요0훈훈해요0슬퍼요0화나요0후속기사 원해요0기사제공 :']"
14,셀트리온, 2017-04-1408:21,머니투데이 ,오늘의 증시일정 - 14일,https://finance.naver.com/news/news_read.nhn?article_id=0003856672&office_id=008&mode=search&query=셀트리온&page=1,"['       오늘의 증시일정 - 14일      기사입력2017-04-14 08:21기사원문좋아요훈훈해요좋아요 평가하기공감좋아요0훈훈해요0슬퍼요0화나요0후속기사 원해요0댓글 [머니투데이 안재용 기자] ◇주요 경제지표-미국 3월 소비자물가지수-미국 3월 실업율◇추가·변경상장-일동홀딩스(공모 유상증자)-아이에스동서(국내 CB전환)-서울제약(국내공모 CB전환)-보타바이오(제3자배정 유상증자)-에스마크(국내사모 CB전환)-파워로직스(국내사모 BW행사)-W홀딩컴퍼니(국내사모 CB전환)-지에스이(국내사모 CB전환)-비츠로시스(국내사모 CB전환)-필링크(제3자배정 유상증자)-셀트리온(주식배당)-이상네트웍스(주식매수선택권 행사)-코디(국내사모 BW행사)-CSA 코스믹(국내사모 CB전환)-휴온스글로벌(주식배당)-하이소닉(국내공모 BW행사)-한일진공(국내사모 CB전환)-유테크(제3자배정 유상증자)-휴메딕스(주식배당)-비씨월드제약(주식배당)-휴온스(주식배당)-일동제약(주식배당)[▶깊이있는 투자정보 \'TOM칼럼\'][▶트렌드 리더의 스타일 지침서 \'스타일M\'][▶빵빵한 차&레이싱걸]안재용 기자 poong@mt.co.kr머니투데이 관련뉴스해당 언론사에서 선정하며 언론사 페이지(아웃링크)로 이동해 볼 수 있습니다.박유천 피앙세 황하나 누구?…남양유업 외손녀\'땅콩 회항\' 조현아 전 부사장, 1년째 보육원서 자원봉사""하루 한끼 밥 세 숟갈""…이태임 극한 다이어트 화제안철수 동생 ""형이 대통령 되더라도 나는 없는 사람""변호사들 ""우병우 영장기각 예상대로…고영태 체포는 여론환기용""좋아요0훈훈해요0슬퍼요0화나요0후속기사 원해요0기사제공 :']"
15,셀트리온, 2017-04-1407:59,한국경제TV ,한 주간의 제약·바이오 이슈 - 위클리 헬스,https://finance.naver.com/news/news_read.nhn?article_id=0000542694&office_id=215&mode=search&query=셀트리온&page=1,"['       한 주간의 제약·바이오 이슈 - 위클리 헬스      기사입력2017-04-14 07:59기사원문좋아요훈훈해요좋아요 평가하기공감좋아요0훈훈해요0슬퍼요0화나요0후속기사 원해요0댓글[한국경제TV 양재준 기자]# 셀트리온, \'허쥬마\' 일본 판매 허가 신청셀트리온이 일본 후생노동성에 유방암치료 바이오시밀러인 \'허쥬마(성분명 트라스트주맙)\' 대한 판매 허가를 신청했습니다.허쥬마는 제넨텍이 개발하고 로슈가 판매하는 \'허셉틴\'의 바이오시밀러로, 일본내 오리지널의약품 시장 규모는 약 4,500억원 규모로 추산되고 있습니다.셀트리온은 일본에서 \'램시마\' 판매를 맡고 있는 니폰 카야쿠(Nippon Kayaku)를 통해 허쥬마의 유통·판매에 나선다는 계획입니다.# 한미약품, 항암제 등 9개 신약후보물질 개발 착수한미약품이 신약후보물질 9개에 대한 연구개발(R&D)에 본격적으로 착수했습니다.한미약품은 지난 10일 바이오신약의 약효를 늘려주는 플랫폼 기술인 랩스커버리를 기반으로 한 희귀질환 치료 후보물질 3개와 면역·표적 이중항체 후보물질 3개 등 총 9개의 물질에 대한 전임상(동물시험)에 들어간다고 밝혔습니다.이번 신규 후보물질에서 눈에 띄는 것은 유방암과 폐암과 관련이 높은 PD-L1(암세포 표면에 있는 단백질)과 HER-2(인 표피 증식인자 수용체), EGFR(상피성장인자수용체)를 억제하는 항암제 개발입니다.# 휴젤 ""보툴렉스, 중대한 이상반응 없었다"" 해명휴젤이 식품의약품안전처가 공개한 보툴리눔 톡신제제인 \'보툴렉스\'에 대해 중대한 이상반응이 없었다고 해명했습니다.휴젤은 식약처의 시판후재평가(PMS) 결과 \'보툴렉스\'에서 다른 제품에서 보고된 이상사례에 비해통계적으로 유의하게 많이 보고된 이상사례 중 새로 확인된 것들은 없었다고 밝혔습니다.식약처와 휴젤에 따르면, 2010년부터 6년 동안 국내 본태성 눈꺼풀경련을 가진 695명을 대상으로 실시한 시판후 사용성적조사 결과 이상사례 발현율은 21.2(147명/695명, 215건)로 집계됐습니다.이 가운데 보툴렉스와 인과관계를 있는 약물이상반응 발현율은 12.2%(85명/695명, 106건)로 안구건조 2.6%(18건), 눈꺼풀처짐 1.9%(13건) 등이 나타났습니다.# \'바이오코리아 2017\' 성료…""바이오헬스 생태계 혁신""보건복지부가 후원하는\'BIO KOREA 2017\'가 12일부터 사흘간 서울 코엑스(COEX)에서 \'4차 산업혁명과 바이오헬스 생태계 혁신\'을 주제로 개최됐습니다.이번 행사에서는 바이오의약품(바이오시밀러) 규제개선과 기술혁신, 자본투자 등 바이오헬스 생태계 혁신 이슈를 중심으로 45개국 650여개 기업이 참가해 550여개 전시부스와 다양한 비즈니스 미팅 등이 진행됐습니다.또, 4차 산업혁명에 대응해 우리나라의 유전자 교정기술(크리스퍼 가위, RNAi)을 다루는 \'기술 혁신\' 등을 중심으로 기술이전과 지식재산, 가상신약개발, 줄기세포 등과 같은 다양한 주제의 컨퍼런스도 열렸습니다.# 복지부, 바이오 플랜트 수출지원 나선다보건복지부가 제약과 바이오 기업들의 해외 현지공장 건설과 기술이전을 적극 지원하기로 했습니다.정진엽 보건복지부 장관은 셀트리온과 삼성바이오로직스 등 바이오기업 CEO들을 만나 바이오·제약산업의 해외시장 진출 확대 등에 필요한 지원을 아끼지 않겠다고 강조했습니다.정진엽 장관은 바이오기업들의 현지 공장 건설과 기술이전 협의시 정부간 협력을 강화하고, 바이오 전문인력 양성 방안을 제2차 제약산업 종합계획 수립에 반영하겠다""고 말했습니다.# 내츄럴엔도텍, 해양자원 활용 기능성 식품소재 개발내츄럴엔도텍이 해양자원을 이용한 기능성 식품 소재 개발에 나섭니다.내츄럴엔도텍은 해양자원에서 유래한 물질을 노년층 건강 개선에 쓸 수 있는 기능성 원료로 개발하고 상업화에 나설 예정이라고 13일 밝혔습니다.이번 연구는 해양수산부와 한국해양과학기술진흥원(KIMST)이 지원, 관리하는 해양수산생명공학기술개발사업 국책 과제로도 선정됐으며, 앞으로 5년간 총 연구비 107억원이 투자됩니다.식약처, 한미약품 폐암신약 \'올리타\' 임상3상 승인머크, 국내 제약사와 파트너쉽 협력 강화검찰, 복지부·심평원 불법 리베이트 협의 압수수색마크로젠, 美 하버드의대와 탄저균 병원성 핵심원리 규명동국제약, 신세계 충청점에 화장품 전문매장 입점삼성바이오에피스, 전남대와 산학협력 프로그램 확대유앤아이, 생체분해성 금속소재 개발 사업자 선정이대목동병원, 환자 맞춤형 척추센터 개소양재준기자 jjyang@wowtv.co.kr▶심심할 땐 무서운 웹툰 한 편 보세요(보러가기 클릭) ⓒ 한국경제TV, 무단 전재 및 재배포 금지한국경제TV 관련뉴스해당 언론사에서 선정하며 언론사 페이지(아웃링크)로 이동해 볼 수 있습니다.박명수 여의도 접촉사고 현장 포착\'··2억원 레인지로버에서 내리면서 한 말이?이태임 수영복 자태 변천사…이 몸매가 굴욕?송해, 시청자 불쾌감 줬던 그 장면 때문에 결국…오윤아 ""술 마시고 덮치려는 사람도 있어…결혼이 탈출구""구하라, 연예계 싸움 서열 1위?…춘자가 인정한 \'걸그룹 주먹왕\' (비디오스타)좋아요0훈훈해요0슬퍼요0화나요0후속기사 원해요0기사제공 :']"
16,셀트리온, 2017-04-1407:01,조선비즈 ,"올해는 볕드나 했던 IPO시장, 대어 위주로 먹구름",https://finance.naver.com/news/news_read.nhn?article_id=0000366219&office_id=366&mode=search&query=셀트리온&page=1,"['       올해는 볕드나 했던 IPO시장, 대어 위주로 먹구름      기사입력2017-04-14 07:01기사원문좋아요훈훈해요좋아요 평가하기공감좋아요0훈훈해요0슬퍼요0화나요0후속기사 원해요0댓글 올해 상반기 안으로 상장할 것으로 예정됐던 대어(大魚)들의 상장이 연기되면서 지난해 IPO 시장의 부진이 올해도 이어지는 것 아니냐는 우려가 제기되고 있다.올해 상반기에 예정됐던 셀트리온헬스케어와 이랜드, 동서발전 등 대어들의 상장이 연기되거나 상장 자체가 불투명하게됐다. 지난해부터 추진 중이었던 호텔롯데의 상장도 연내 상장이 물건너갈 것이라는 전망도 나오고 있다.조선DB우선, 셀트리온헬스케어는 지난달 14일 한국거래소의 코스닥시장 상장 예비심사를 통과해 2분기 중 상장이 예상됐지만 같은날 한국공인회계사회가 셀트리온헬스케어에 대한 정밀감리에 착수하면서 올해 상반기내 상장은 일단 불가능하게됐다.공인회계사회는 셀트리온헬스케어의 100억원 가량의 계약보증이행금 회계 처리와 관련해 셀트리온헬스케어가 이를 2015년도 회계로 인식한 것을 문제삼고 있다. 공인회계사회 측은 최근 상장회사들의 회계가 문제되고 있어 더욱 철저히 감사하겠다는 입장이다.셀트리온헬스케어 측과 한국거래소 측은 단순히 인식 시점에 대한 문제이기 때문에 회계상으로 문제될 것이 없다는 입장이다. 이들은 올해 상반기 안으로 상장하는 데는 무리가 있겠지만, 공인회계사회의 정밀감리 결과가 5월 안으로 나온다면 올해 9월에 상장하는 데 별 문제가 없을 것으로 보고 있다. 상장주관사인 미래에셋대우 측도 셀트리온헬스케어의 상장 절차를 진행하는 것에 대한 준비를 모두 마치고 공인회계사회의 정밀감리 결과를 지켜보고 있다.하지만 공인회계사회 측은 상장을 원하는 이들과의 입장과는 달리 회계상 다른 문제가 생길 가능성도 배제하지 않고 있어 상장 성공에 대한 불확실성은 아직 남아있다. 또, 현재 장외 거래가격이 3만3000원에서 4만1000원으로 예상되는 1주당 발행가보다 높은 가격에 형성돼있어 적정가격 산정에 대한 문제로 진통을 겪을 가능성도 있다.이 외에도 또다른 대어로 꼽혔던 이랜드리테일은 이미 상장을 내년도 상반기로 연기했다고 밝혔다. 이랜드그룹은 그동안 재무 구조 개선을 위해 의류 브랜드 티니위니 매각, 부동산 매각, 이랜드리테일 상장을 세 가지 축으로 진행해왔지만, 외식 기업 이랜드파크의 급여 미지급 논란 등이 불거지면서 심의 계획이 미뤄져 상장 예비 심사 승인을 받지도 못했다.정부가 각각 올해 상장을 추진하던 한국동서발전과 한국남동발전의 상장도 사실상 무산됐다. 당초 계획대로라면 올해 2월까지 둘 중 한곳을 선정해 3월까지 상장예비심사를 신청해야 했지만 결국 신청을 하지 못했다. 증권가에서는 오는 5월 9일 있을 차기 대통령 선거를 통해 새로운 정부가 출범하면 전 정부에서 추진하던 공기업 상장이 원점에서부터 재검토 될 것이란 전망도 나오고 있다.호텔롯데의 상황은 더욱 심각하다. IPO에서 최대어로 꼽히는 호텔롯데는 지난해부터 상장을 추진해왔지만 최순실 사태 관련해 롯데그룹에 대한 검찰 조사와 재판이 진행되고 있어 상장 여부 자체에 대해 물음표를 달고 있다. 최근에는 롯데그룹의 임원들도 다시 검찰 조사를 받는 등 1년 가까이 법적인 문제에 시달리고 있다. 내부적으로 호텔롯데의 상장 논의조차 이뤄지지 않고 있는 것으로 전해졌다. 호텔롯데의 상장을 주관하고 있는 미래에셋대우측도 롯데그룹의 법적인 문제가 해결되지 않으면 상장은 힘들 것으로 보면서 추이를 지켜보고 있는 것으로 알려졌다.증권업계에 종사하는 한 관계자는 “IPO와 관련해 대어들에 대한 기대감이 높았던 상황에서 이들의 상장이 주춤하면서 상장을 앞두거나 준비하고 있는 중소규모 이하의 기업들에 대한 기대감마저 낮아지지는 않을지 걱정”이라며 “올해는 바뀌나 했더니 지난해와 비슷한 양상으로 흘러가는 것 아닌가 하는 우려도 든다”고 말했다.[이정민 기자 jay@chosunbiz.com]chosunbiz.com조선비즈 관련뉴스해당 언론사에서 선정하며 언론사 페이지(아웃링크)로 이동해 볼 수 있습니다.""한국인 화나니 무섭네"" 보복에 중국인 직격탄아파트값 6000만원 훌러덩… 잔인한 거제의 봄유커 떠나면 죽는다던 명동…""이게 웬일"" 눈 번쩍""우리 기술 어딜 넘봐""…수천억 받아낸 삼성·LG\'중국의 명동\' 상인들…""한국인 제발 돌아오세요""좋아요0훈훈해요0슬퍼요0화나요0후속기사 원해요0기사제공 :']"
