﻿,회사명,날짜,언론사,기사제목,링크,본문
0,삼성전자, 2018-03-0319:45,TV조선 ,관세 폭탄 피해 줄줄이 '미국행'…정부는 ‘속수무책’,https://finance.naver.com/news/news_read.nhn?article_id=0000236389&office_id=448&mode=search&query=삼성전자&page=1,"['       관세 폭탄 피해 줄줄이 \'미국행\'…정부는 ‘속수무책’      기사입력2018-03-03 19:45기사원문좋아요훈훈해요좋아요 평가하기공감좋아요0훈훈해요0슬퍼요0화나요0후속기사 원해요0댓글 [앵커]미국시장 의존도가 높은 우리 철강업체들이 울며겨자 먹기 식으로 관세 폭탄을 피하기 위해 미국으로 공장을 옮기는 업체까지 속속 생겨납니다. 트럼프 미국 대통령이 노린 게 이런 걸까요. 송병철 기잡니다.[리포트]세아제강의 미국 텍사스주 휴스턴 공장입니다. 반덤핑관세 등 미국의 보호무역 움직임에 재작년 현지공장을 인수한 겁니다. 다른 업체인 넥스틸도 400억 원을 들여 휴스턴 공장 신설을 추진중입니다. 미국 매출이 절반 이상이다보니 울며 겨자먹기로 미국행을 택한 겁니다. 휴스틸도 전남 여수공장 증설계획을 접고 미국행을 고민중입니다. 휴스틸 관계자""대처하기가 굉장히 힘들죠. 지금 내수 가지고 되겠어요? (여수공장) 증설이…."" 긴급수입제한조치 발동에 놀란 가전업계도 미국공장에 주력합니다. 삼성전자는 사우스캐롤라이나 세탁기공장에 이어 TV공장 신설을 검토중이고, LG전자도 오는 9월까지 테네시주 세탁기공장 가동을 목표로 잰걸음에 나섰습니다. 정부 움직임도 긴박합니다. 산업통상자원부 관계자""최대한 좋은 조건을 얻어내려면, 로스 (장관)도 만났고 게리 콘(백악관 국가경제위)이나 이런 사람들…"" 정부는 WTO 제소를 포함해 사용 가능한 모든 대응카드를 검토중이지만, 뚜렷한 대책을 내놓지 못하는 상황입니다. TV조선 송병철입니다./ 송병철 기자 songbc@chosun.com * 뉴스제보 : 이메일(tvchosun@chosun.com), 카카오톡(tv조선제보), 전화(1661-0190)송병철 기자(songbc@chosun.com)- Copyrights ⓒ TV조선. 무단전재 및 재배포 금지 -TV조선 관련뉴스해당 언론사에서 선정하며 언론사 페이지(아웃링크)로 이동해 볼 수 있습니다.대북특사 곧 발표…서훈 국정원장 유력여성 비하 논란 탁현민 ""청와대 나가면 밝힐 것""정용화 부정입학, 정유라와 \'판박이\'였다배우 최용민 포함 연극영상과 男 교수 모두 \'성추문\'정두언 ""대선 때 김윤옥 큰 실수 각서쓰고 무마""…與 ""진실 고백해야""좋아요0훈훈해요0슬퍼요0화나요0후속기사 원해요0기사제공 :']"
1,삼성전자, 2018-03-0317:16,매일경제 ,"슈퍼 슬로우 모션, 갤럭시S9과 엑스페리아 XZ2의 `한 끗 차이`",https://finance.naver.com/news/news_read.nhn?article_id=0004109081&office_id=009&mode=search&query=삼성전자&page=1,"['       슈퍼 슬로우 모션, 갤럭시S9과 엑스페리아 XZ2의 `한 끗 차이`      기사입력2018-03-03 17:16기사원문좋아요훈훈해요좋아요 평가하기공감좋아요0훈훈해요0슬퍼요0화나요0후속기사 원해요0댓글(왼쪽부터) 삼성전자 `갤럭시S9`, 소니 `엑스페리아 XZ2’ [사진 제공 = 삼성전자, 소니] 삼성전자와 소니가 올해 스마트폰 신작에 \'슈퍼 슬로우 모션\' 기능을 탑재했다. 유사한 기능이지만 스펙 측면에서는 소니가, 사용자 편의 측면에서는 삼성전자가 앞섰다는 평가가 나온다.3일 업계에 따르면 삼성전자의 갤럭시S9과 엑스페리아 XZ2는 모두 초당 960개 프레임을 촬영하는 \'슈퍼 슬로우 모션\' 기능을 지원한다.이 기능은 지난해 소니가 엑스페리아 XZ 프리미엄을 통해 먼저 선보였다. 갤럭시S9과 엑스페리아 XZ2의 해상도는 각각 HD와 풀HD다. 단순히 수치적인 측면에서는 엑스페리아 XZ2가 앞선다.하지만 실제 사용하는 데 있어 더 편리한 제품은 갤럭시S9이다. 갤럭시S9으로 슈퍼 슬로우 모션을 촬영하면 사용자는 ▲루프(반복 재생) ▲리버스(거꾸로 재생) ▲스윙(루프와 리버스의 반복)을 선택해 저장할 수 있다. 대부분의 사진과 영상이 사회관계망서비스(SNS)를 통해 공유된다는 점에서 유용한 기능이다. 엑스페리아 XZ2는 이같은 기능을 지원하지 않는다. (왼쪽부터) 삼성전자 `갤럭시S9`, 소니 `엑스페리아 XZ2`로 슈퍼 슬로우 모션 기능을 실행한 모습. 갤럭시S9는 피사체의 움직임을 감지해 작동하는 오토 모드를 지원한다. [사진 제공 = 삼성전자, 소니] 촬영 시 편리성도 갤럭시S9이 앞선다. 엑스페리아 XZ2는 슈퍼 슬로우 모션에서 \'버튼\'을 누르는 수동 모드만 지원하는 반면, 갤럭시S9은 특정 지점에 움직임이 포착되면 슈퍼 슬로우 모션으로 녹화를 시작하는 오토 모드가 있다. 물론 수동 모드로 전환도 가능하다.고동진 삼성전자 IM부문장 사장은 스페인 바르셀로나에서 열린 간담회에서 ""기술을 개발해서 소비자에게 강요하는 시대가 있었다면, 지금은 소비자들이 사용하는 기능에 대해서 더욱 편리한 경험을 제공하는 것이 굉장히 의미 있는 혁신""이라고 강조한 바 있다.[디지털뉴스국 박진형 기자]▶뉴스 이상의 무궁무진한 프리미엄 읽을거리 ▶아나운서가 직접 읽어주는 오늘의 주요 뉴스[ⓒ 매일경제 & mk.co.kr, 무단전재 및 재배포 금지]매일경제 관련뉴스해당 언론사에서 선정하며 언론사 페이지(아웃링크)로 이동해 볼 수 있습니다.신소율, \'속옷화보\'로 김지철 홀린 \'퍼펙트 몸매\' 자랑""무역전쟁은 완전 바보같은 생각""…석학들 \'대공황\' 경고클라라, 대륙이 반한 란제리 화보…완벽한 볼륨감비행기서 쫓겨난 커플 이유가 생리통이라고?서우, 귀여운 외모에 \'美친 볼륨\' 드러내다…\'입이 쩍\'좋아요0훈훈해요0슬퍼요0화나요0후속기사 원해요0기사제공 :']"
2,삼성전자, 2018-03-0314:21,한국경제 ,"'석방 한달째' 이재용, 경영일선 복귀시점 고심 중",https://finance.naver.com/news/news_read.nhn?article_id=0003901497&office_id=015&mode=search&query=삼성전자&page=1,"['       \'석방 한달째\' 이재용, 경영일선 복귀시점 고심 중      기사입력2018-03-03 14:21기사원문좋아요훈훈해요좋아요 평가하기공감좋아요0훈훈해요0슬퍼요0화나요0후속기사 원해요0댓글(사진 = 한경DB)이재용 삼성전자 부회장이 항소심에서 집행유예를 받고 석방된 지 한달이 지났지만, 경영일선 복귀 시점을 결정하지 못한 것으로 3일 알려졌다.검찰이 \'삼성 다스 소송비 대납 의혹\' 관련 수사를 진행하면서 이번 달에도 공식 일정을 잡기가 쉽지 않을 것으로 보인다는 관측이 나오고 있다. 복수의 삼성 계열사 임원은 이날 연합뉴스와의 전화통화에서 ""이 부회장이 오는 5일로 석방 한달째를 맞지만 현재로서는 향후 일정이 확정된 게 전혀 없다""며 ""최근 분위기라면 이번달에도 이런 상황이 이어질 것 같다""고 말했다.하지만 이 부회장은 최근 임원진으로부터 수시로 각종 현안에 대한 보고는 받고 있는 것으로 알려졌다. 최근 국내외 반도체·가전·모바일 업계의 상황은 물론 새로 진행되는 검찰 수사와 관련한 보고를 받으면서 상황을 파악하고, 향후 대응 방안을 고심하고 있다는 것이다. 재계에선 삼성전자 사내 등기이사인 이 부회장이 지난달 23일 석방 후 처음 열린 이사회에 불참한 데 이어 오는 23일로 예정된 정기 주주총회에도 참석할 가능성이 크지 않다고 보고 있다.일각에선 그룹 전신인 \'삼성상회\' 설립 80주년(3월22일)에 첫 출근을 할 수도 있다는 전망을 내놓고 있다. 하지만 삼성전자는 이와 관련해 별도 이벤트를 계획하지 않고 있는 것으로 알려졌다.한경닷컴 뉴스룸 open@hankyung.com[한경닷컴 바로가기] [글방] [모바일한경 구독신청] ⓒ 한국경제 & hankyung.com, 무단전재 및 재배포 금지한국경제 관련뉴스해당 언론사에서 선정하며 언론사 페이지(아웃링크)로 이동해 볼 수 있습니다.\'석방 한달째\' 이재용, 현안보고 받으며 복귀시점 \'고심\'악! 헐~ 근로시간 단축 아슬아슬 줄타기… 노사 비명소리만(마감)삼성전자 230만1000원…2.21%↓갤럭시S9 화질 \'엑설런트 A+\'서울대생들과 ""유레카!""… 삼성전자, 아이디어 수혈좋아요0훈훈해요0슬퍼요0화나요0후속기사 원해요0기사제공 :']"
3,삼성전자, 2018-03-0313:45,아시아경제 ,"""3월 증시 경기 보고 정면돌파""",https://finance.naver.com/news/news_read.nhn?article_id=0004190251&office_id=277&mode=search&query=삼성전자&page=1,"['       ""3월 증시 경기 보고 정면돌파""      기사입력2018-03-03 13:45기사원문좋아요훈훈해요좋아요 평가하기공감좋아요0훈훈해요0슬퍼요0화나요0후속기사 원해요0댓글[아시아경제 문채석 기자]제롬 파월 연방준비제도(연준 ·Fed) 의장이 미국 실물 경제가 과열되지 않았다고 진단하는 등 증권시장에 드리운 불확실성이 줄었다며 이달 투자를 늘리라는 분석이 제기됐다.박소연 한국투자증권 연구원은 증시가 조정을 받은 것은 사실이지만 변동성이 강해지면서 늘어났던 매도 물량이 상당 부분 정리됐고 은행 간 자금시장 유동성도 늘고 있다고 전했다.파월 의장도 미국 상원 청문회에서 ""아직 임금이 오른다는 결정적인 증거가 없고 실물경제는 과열되지 않았다""고 말해 금리 안정화에 힘을 보탰다.박 연구원은 ""증시에 드리운 불확실성은 상당 부분 제거됐다""며 ""이달엔 경기 회복에 대한 자신감으로 정면 돌파를 시도할 필요가 있다""고 말했다.이달 21~22일로 예정된 연방공개시장위원회(FOMC)를 앞두고 미국 고용지표에 대한 해석이 중요해지고 있다고 박 연구원은 전했다. 지난 1월 민간부문 비농업 임금 상승률이 2.9%를 기록해 투자자들이 통화 긴축 가능성이 있다고 우려하고 있어서다.박 연구원은 ""미국 실업률 지표 6가지 (U1~U6) 중 대학 졸업생을 포함해 현재 실업 중인 모든 사람을 포함하는 공식 지표 \'U3\'와 일할 의사와 능력이 있지만 일자리가 없는 파트타임 근로자를 포함한 \'U6\' 비율이 사상 최고치로 올랐다""며 ""일자리를 구하지 못해 구직 활동을 쉬고 있는 구직자와 풀타임 일자리를 구하지 못해 파트타임으로 일하고 있는 구직자가 미국에 아직 많다는 뜻""이라고 분석했다.그는 ""이 같은 현상은 연준이 실물 경제가 과열되지 않았다고 판단하는 근거로 작용하고 있다""며 ""통화 긴축정책이 빨라질 수 있다는 투자자의 우려가 줄어들면 미국 국채금리도 지금 수준에서 안정화될 것""이라고 진단했다.다만 지난해 4분기 국내 기업 실적이 부진했다고 해서 1분기에 큰 폭으로 반등할지는 지켜볼 필요가 있다고 봤다. 지난달 유가증권시장(코스피) 기업 영업이익 추정치가 3.9% 하향됐는데, 정보기술(IT)과 유틸리티 부문이 원인으로 작용했다.박 연구원은 ""삼성전자와 한국전력의 이익 전망이 크게 나빠져 전체 기업 영업익 추정치도 내렸다""며 ""헬스케어, 금융, 에너지 등 산업 추정치는 오른 만큼 앞으로의 실적 추이를 지켜볼 필요가 있다""고 말했다.그는 이달 코스피 예상 밴드가 2400~2530포인트, 12개월 목표 주가수익비율(PER)은 9.76~10.3배, 12개월 목표 주가순자산비율(PBR)이 1.04~1.09배라고 했다.문채석 기자 chaeso@asiae.co.kr▶ 네이버 홈에서 \'아시아경제\' 뉴스 확인하기▶ 양낙규의 \'군사이야기\' ▶ #아시아경제 페이스북아시아경제 관련뉴스해당 언론사에서 선정하며 언론사 페이지(아웃링크)로 이동해 볼 수 있습니다.중국의 한반도 습격…\'큰일났다\'""남한 왔으면…"" 北 출신 리듬체조 코치 충격폭로술집 여주인 반격 ""고은 시인, 자위행위했다는데…""태극기 단 F-35 1호기… 한반도 스텔스기 전쟁""몹시 흥분"" 조민기가 보낸 낯뜨거운 사진 \'경악\'좋아요0훈훈해요0슬퍼요0화나요0후속기사 원해요0기사제공 :']"
4,삼성전자, 2018-03-0311:03,이데일리 ,"'석방 한달' 이재용, 경영 복귀시점 '고심'",https://finance.naver.com/news/news_read.nhn?article_id=0004047851&office_id=018&mode=search&query=삼성전자&page=1,"[""       '석방 한달' 이재용, 경영 복귀시점 '고심'      기사입력2018-03-03 11:03기사원문좋아요훈훈해요좋아요 평가하기공감좋아요0훈훈해요0슬퍼요0화나요0후속기사 원해요0댓글이사회 이어 23일 주총도 참석도 '불투명''보아오 포럼' 통해 경영활동 재개 가능성[이데일리 방인권 기자] 항소심에서 징역 2년 6개월에 집행유예 4년을 선고받은 이재용 삼성전자 부회장이 5일 오후 경기 의왕시 서울구치소를 나서고 있다. 지난해 2월 17일 특검팀에 구속된 지 353일 만에 풀려나게 됐다.[이데일리 윤종성 기자] 이재용 삼성전자 부회장이 항소심에서 집행유예를 받고 석방된 지 한달이 다 돼가지만, 여전히 경영 복귀 시점을 결정하지 못한 것으로 알려졌다. 이 부회장은 지난달 5일 항소심에서 감형을 받아 353일만에 집행유예로 풀려났다. 3일 재계에 따르면 삼성전자 사내 등기이사인 이 부회장은 오는 23일로 예정된 정기 주주총회에 불참할 것으로 보인다. 이 부회장은 지난달 23일 석방 후 처음 열린 이사회에도 불참한 바 있다.  이 부회장은 임원진으로부터 수시로 각종 현안에 대한 보고를 받고 있는 것으로 전해졌다. 이를 통해 경영 현황을 파악하고, 향후 대응 방안을 고심하고 있다는 것이다.하지만 검찰의 이른바 ‘삼성 다스 소송비 대납 의혹’ 관련 수사가 이어지면서 이번 달에도 공식적으로 경영활동을 재개하기는 쉽지 않을 것이란 관측이 많다. 그룹의 전신인 ‘삼성상회’ 설립 80주년(3월 22일)에 첫 출근을 할 수 있다는 전망도 제기되지만, 삼성전자(005930)는 별도 행사를 준비하지 않고 있는 것으로 알려졌다.다음달초 중국에서 열리는 ‘보아오 포럼’ 참석을 통해 공식 일정을 재개할 가능성도 있지만, 이 역시도 불투명한 상황이다. 삼성 관계자는 “현재로서는 이 부회장의 일정이 확정된 게 전혀 없다”고 말했다.윤종성 (jsyoon@edaily.co.kr)▶ 암호(가상)화폐에 대한 모든 것!▶ 네이버 메인에서 ‘이데일리’ 구독하기▶ '이데일리'의 카톡 친구가 되어주세요~♥＜ⓒ종합 경제정보 미디어 이데일리 - 무단전재 & 재배포 금지＞이데일리 관련뉴스해당 언론사에서 선정하며 언론사 페이지(아웃링크)로 이동해 볼 수 있습니다.남궁연 성추행 추가 피해자 등장 같은 레퍼토리로 당해암호화폐, 투기로만 볼 순 없다... 가격 결정요인들WTO 이어 IMF까지..트럼프發 무역전쟁은 공멸제네바서 20년 만에 부활하는 BMW 8시리즈어느날 갑자기 시동이 걸리지 않는다면? 대처법은?좋아요0훈훈해요0슬퍼요0화나요0후속기사 원해요0기사제공 :""]"
5,삼성전자, 2018-03-0310:56,매일경제 ,"신분당선으로 판교·분당 직주근접성 강화, 분당구 `까치주공2단지`",https://finance.naver.com/news/news_read.nhn?article_id=0004109017&office_id=009&mode=search&query=삼성전자&page=1,"['       신분당선으로 판교·분당 직주근접성 강화, 분당구 `까치주공2단지`      기사입력2018-03-03 10:56기사원문좋아요훈훈해요좋아요 평가하기공감좋아요0훈훈해요0슬퍼요0화나요0후속기사 원해요0댓글[사진 제공 : 믿음공인중개사] 판교·분당 업무지구가 커지고 있다. 현재 판교 테크노밸리에는 넥슨코리아, SK플래닛, NC소프트, 카카오 등 국내 유수 IT 기업들이 들어와 있다. 삼성전자, 두산그룹의 계열사도 곧 이전 예정이다. 여기에 제2테크노밸리, 제3테크노벨리가 예정돼있어 향후 업무단지로서 가치는 더욱 상승할 것으로 보인다. 이러한 가운데 이들 지역과 직주근접을 이루는 까치주공2단지아파트가 최근 거래돼 눈길을 끈다.믿음공인중개사는 지난달 9일 분당구 까치주공2단지아파트의 전용면적 49.36㎡ 4층 매물을 매매가 4억8000만원에 중개했다고 밝혔다. 성남시 분당구 구미동에 위치한 까치주공2단지아파트는 1995년 3월 입주한 최고 25층, 9개동, 총 768가구 규모이며, 이번에 거래된 전용면적 49.36㎡는 59가구이다.이 단지는 분당선 미금역까지 도보 15분으로 판교테크노밸리 등 주요 업무단지로 출퇴근이 편리하다. 차량 이용 시 주요 업무 단지와 10분대에 오갈 수 있다. 올 4월에는 신분당선이 개통될 예정으로 판교역, 강남역까지 환승 없이 도달할 수 있다. 단지 인근에는 강남, 광화문, 용인, 수원으로 가는 버스 노선 50여개가 지난다.2001아울렛, 이마트, 홈플러스, 농수산물종합유통센터 등 생활 편의시설이 잘 갖춰져 있다. 교육시설로는 미금초, 오리초, 불곡중, 불곡고가 도보 거리에 있다.도로와 시설이 잘 정비돼 쾌적한 환경을 누릴 수 있으며 단지 주위를 둘러싼 탄천 외에도 정자공원, 구미공원, 벌말공원이 가까워 녹지공간도 우수하다. [지도 출처 : 네이버] [매경 부동산센터 이다연 기자]▶뉴스 이상의 무궁무진한 프리미엄 읽을거리 ▶아나운서가 직접 읽어주는 오늘의 주요 뉴스[ⓒ 매일경제 & mk.co.kr, 무단전재 및 재배포 금지]매일경제 관련뉴스해당 언론사에서 선정하며 언론사 페이지(아웃링크)로 이동해 볼 수 있습니다.신소율, \'속옷화보\'로 김지철 홀린 \'퍼펙트 몸매\' 자랑\'노사충돌\' 한국GM 판매 반토막…""회사 훅 가는건 시간문제""오달수, 성추행 의혹에 ""결코 사실 아니다""푸틴이 공개한 러시아의 차세대 \'슈퍼 무기\' 6종서우, 귀여운 외모에 \'美친 볼륨\' 드러내다…\'입이 쩍\'좋아요0훈훈해요0슬퍼요0화나요0후속기사 원해요0기사제공 :']"
6,삼성전자, 2018-03-0310:21,파이낸셜뉴스 ,"지피트리, MWC 2018에서 육아 도우미 스마트 토이 ‘에디케어’ 공개",https://finance.naver.com/news/news_read.nhn?article_id=0003975219&office_id=014&mode=search&query=삼성전자&page=1,"['       지피트리, MWC 2018에서 육아 도우미 스마트 토이 ‘에디케어’ 공개      기사입력2018-03-03 10:21기사원문좋아요훈훈해요좋아요 평가하기공감좋아요0훈훈해요0슬퍼요0화나요0후속기사 원해요0댓글          놀이와 교육을 하나로 묶고, 아날로그와 디지털의 접목을 통해 미래 교실을 만드는 ‘플레이 에듀테크’ 전문기업 지피트리는 MWC 2018에 참가해 육아도우미 스마트토이 ‘에디케어’를 공개했다고 3일 밝혔다.  양성원 대표 등 지피트리 임직원은 정부초청으로 지난 2월 26일부터 3월1일까지 스페인 바르셀로나에서 열리는 세계 최대 이동통신 산업 컨퍼런스 MWC 2018에 참가했다.  모바일 월드 콩그레스(MWC)는 지난 1987년을 시작으로 매년 1000여 개의 회사가 참가해 ‘모바일의 올림픽’이라고 불리는 세계 최대 이동통신 산업 컨퍼런스다.  올해 컨퍼런스에는 SK텔레콤과 KT, 텔레포니카, NTT도코모 등 주요 통신사뿐만 아니라 삼성전자, 노키아, 에릭슨, 화웨이 등 장비 제조사, 퀄컴, 인텔 등 칩 제조사를 포함해 2300여개 기업이 참가했고, 200여개 나라에서 약 10만여 명이 참석했다.  지피트리는 육아 도우미 스마트 토이 ‘에디케어’를 런칭했다.  에디케어는 △환경정보를 습득해 공기 상태를 제공하는 Air Advisor 기능 △바른 습관을 키워나갈 수 있도록 돕는 Time Manager기능 △부모의 목소리를 아이에게 직접 전달할 수 있도록 돕는 Messenger 기능 △부모를 대신해 동화, 동요를 재생해주는 Fun Time 기능 등 네 가지 기능을 갖춘 스마트 토이다.  양성원 지피트리 대표는 “아날로그적인 감성의 장난감에 유용한 IT 기술을 접목하고, 유익한 콘텐츠를 담을 수 있는 융합형 스마트토이가 VC들의 많은 관심을 받았다”며 “MWC에서 얻은 성과를 바탕으로 융합형 스마트토이의 세계 시장으로 진출과, 대중화 전략을 구체화할 계획” 이라고 밝혔다.  한편 지피트리는 2017년 중소벤처기업부 주관 올해의 벤처상, 영국 파이낸셜 타임즈(FT) 주관 2018년 아시아-태평양 1000대 고성장 기업에 선정되는 등 국내외에서 높은 관심을 받고 있다.   yutoo@fnnews.com 최영희 중소기업전문기자   ▶ 세상의 모든 골 때리는 이야기 \'fn파스\'▶ 속보이는 연예뉴스 fn스타  ※ 저작권자 ⓒ  파이낸셜뉴스. 무단 전재-재배포 금지파이낸셜뉴스 관련뉴스해당 언론사에서 선정하며 언론사 페이지(아웃링크)로 이동해 볼 수 있습니다.된장찌개 먹방 사진으로 스타된 20대 러시아女\'월 190만원\' 34세 여성.. ""어떻게 저축하죠?""경유차에 휘발유 넣은 주유소 직원..""차주도 30% 책임""""어젯밤도 못 잤다고요?"" 잠을 잃은 그대들에게잠 부족하면 살찐다.. 허리둘레 4cm 더 길어좋아요0훈훈해요0슬퍼요0화나요0후속기사 원해요0기사제공 :']"
7,삼성전자, 2018-03-0310:07,SBS ,"'석방 한 달째' 이재용, 현안 보고받으며 복귀 시점 '고심'",https://finance.naver.com/news/news_read.nhn?article_id=0000619035&office_id=055&mode=search&query=삼성전자&page=1,"['       \'석방 한 달째\' 이재용, 현안 보고받으며 복귀 시점 \'고심\'      기사입력2018-03-03 10:07기사원문좋아요훈훈해요좋아요 평가하기공감좋아요0훈훈해요0슬퍼요0화나요0후속기사 원해요0댓글이재용 삼성전자 부회장이 항소심에서 집행유예를 받고 석방된 지 거의 한달이 지났지만 여전히 경영일선 복귀 시점을 결정하지 못한 것으로 알려졌습니다.특히 검찰의 이른바 \'삼성 다스 소송비 대납 의혹\' 관련 수사가 이어지면서 이번 달에도 공식 일정을 잡기가 쉽지 않을 것으로 보여 \'낮은 자세\' 모드가 계속될 가능성이 높다는 관측입니다.복수의 삼성 계열사 임원은 한 언론사와의 전화통화에서 ""이 부회장이 오는 5일로 석방 한달째를 맞지만 현재로서는 향후 일정이 확정된 게 전혀 없다""면서 ""최근 분위기라면 이번달에도 이런 상황이 이어질 것 같다""고 말했습니다.그러나 이 부회장은 최근 임원진으로부터 수시로 각종 현안에 대한 보고를 받고 있는 것으로 전해졌습니다.최근 국내외 반도체·가전·모바일 업계의 상황은 물론 새로 진행되는 검찰 수사와 관련한 보고를 받으면서 상황을 파악하는 한편 향후 대응 방안을 고심하고 있다는 것입니다.재계에서는 삼성전자 사내 등기이사인 이 부회장이 지난달 23일 석방 후 처음 열린 이사회에 불참한 데 이어 오는 23일로 예정된 정기 주주총회에도 참석할 가능성이 크지 않다고 보고 있습니다.일각에서는 그룹의 전신인 \'삼성상회\' 설립 80주년에 첫 출근을 할 수도 있다는 전망을 내놓고 있으나 삼성전자는 아직 이와 관련한 별도의 이벤트를 계획하지 않고 있는 것으로 알려졌습니다.재계 관계자는 ""이 부회장은 석방 후 한달간 여러 보고를 받으면서 구속수감 중에 신경을 써줬던 지인들을 직접 만나거나 전화로 감사 인사를 전했을 것으로 추정된다""면서 ""이건희 회장이 와병 중인 상황에서 공식 일정이 없다고 마냥 손 놓고 있었다고 보기는 힘들다""라고 말했습니다.이 관계자는 ""다음달 초 중국에서 열리는 \'보아오 포럼\' 참석을 통해 공식 일정을 재개할 가능성도 있지만 지금 같은 분위기에서는 어떤 행보도 부담스러울 수밖에 없을 것""이라고 덧붙였습니다.\xa0\xa0이강 기자(leekang@sbs.co.kr)\u200b☞ [사실은] 전두환 회고록을 검증한다!☞ [2018 평창 타임라인] 17일간의 여정을 한눈에!※ ⓒ SBS & SBS Digital News Lab. : 무단복제 및 재배포 금지SBS 관련뉴스해당 언론사에서 선정하며 언론사 페이지(아웃링크)로 이동해 볼 수 있습니다.""견과류 섭취, 대장암 재발률 42%, 사망률 절반 이상↓""""문재인 대통령, 대북특사로 갈 뻔했었던 사연은?""""자발적으로 근무하는 것도 안 돼?"" 근로기준법 대놓고 잊으라는 홍준표\'다스 실소유주는 MB\' 결론 나면 MB가 가져갈 수 있나[조근현 녹음파일 공개] ""연기는 캐스팅과 별개, 남자가 원하는 건…""좋아요0훈훈해요0슬퍼요0화나요0후속기사 원해요0기사제공 :']"
8,삼성전자, 2018-03-0310:06,아시아경제 ,'스테디셀러' 된 D램…삼성전자·SK하이닉스 실적 견고,https://finance.naver.com/news/news_read.nhn?article_id=0004190212&office_id=277&mode=search&query=삼성전자&page=1,"['       \'스테디셀러\' 된 D램…삼성전자·SK하이닉스 실적 견고      기사입력2018-03-03 10:06기사원문좋아요훈훈해요좋아요 평가하기공감좋아요0훈훈해요0슬퍼요0화나요0후속기사 원해요0댓글B2B 서버용 D램 수요 급증 …꾸준한 수요공정 고도화, 3개 업체 점유율 95% 이상구글, 페북 등 삼성 D램 확보 전쟁까지 [아시아경제 안하늘 기자] D램이 계절의 영향을 받지 않는 \'스테디 셀러\'에 올라섰다. 기존에는 신규 스마트폰이 출시되는 4분기 D램 수요가 급증했다가 1분기에는 수요가 줄어드는 경향을 보였다. 하지만 데이터센터에 들어가는 서버용 D램이 계절에 상관없이 꾸준하게 판매되면서 전체 D램 수요가 안정화가 됐다는 분석이다. D램 분야에서 세계 1,2위를 차지하는 삼성전자와 SK하이닉스의 실적도 더욱 견고해질 전망이다.3일 시장조사업체 D램익스체인지에 따르면 2017년 4분기 전세계 모바일 D램 매출은 전 분기 대비 23.6% 성장한 80억달러(약8조5000억원)를 기록했다. 이는 4분기 애플의 아이폰, 삼성전자의 갤럭시노트 등 신규 스마트폰 출시에 따른 모바일 D램 수요가 증가한 영향이 컸다. 이와 함께 구글, 페이스북 등 IT 공룡들이 잇따라 데이터 센터에 필요한 서버용 D램을 찾고 있는 상황도 맞물렸다. 서버용 D램(DDR4 16GB RDIMM) 제품의 2월 평균 고정거래가격은 161달러로 전년 대비 34%나 증가했다. 제품 용량 기가비트(Gb)당 평균 가격도 지난 2월에 1.25달러로 전년 동기 0.94달러보다 33% 올랐다. 이런 경향은 당분간 계속될 가능성이 높다. 인공지능(AI), 사물인터넷(IoT), 자율주행 기술 등을 수행하기 위해서는 빅데이터를 실시간으로 처리하는 능력이 필요하다. 엄청난 규모의 데이터센터에 대한 수요가 늘고 있는 상황이다. 스마트폰, PC 등 B2C 시장에서 기업용 데이터센터 등 B2B 시장으로 바뀌면서 안정성이 높아졌다. 실제로 지난해 4분기 삼성전자, SK하이닉스, 마이크론 등 3대 D램 공급업체들의 총 서버용 D램 매출은 전 분기 대비 13.9% 증가했는데, D램익스체인지는 1분기에도 서버용 D램 공급 부족 현상이 이어질 것이라고 전망했다.D램 등 반도체 분야에서 기술 공정이 최고 수준에 오르면서 소수의 기업이 전체 시장을 주도하는 모습을 보이고 있다. 즉, 업체들이 가격 경쟁을 벌이는 \'치킨 게임\'이 나타날 확률이 크게 줄었다는 이야기다. 시장 독과점 지표인 HHI(허핀달-허쉬만 지수)가 1500을 넘으면 독과점 시장으로 보는데 D램 시장은 3300을 넘어섰다. 구글, 아마존 등 글로벌 IT 업체들은 삼성전자 수원사업장 인근에 임시 사무실을 차리고 더 많은 D램을 확보하기 위한 경쟁을 벌이고 있을 정도다.삼성전자는 모바일용과 서버용 제품 모두에서 압도적 1위를 차지하고 있다. 지난해 4분기 모바일 D램에서는 56.6%, 서버용 D램은 46.2%를 차지했다. 같은 기간 SK하이닉스는 모바일에서 25.9%, 서버용 제품서 31.4%를 점유했다. 마이크론은 16%, 22.4%를 각각 차지했다.안하늘 기자 ahn708@asiae.co.kr▶ 네이버 홈에서 \'아시아경제\' 뉴스 확인하기▶ 양낙규의 \'군사이야기\' ▶ #아시아경제 페이스북아시아경제 관련뉴스해당 언론사에서 선정하며 언론사 페이지(아웃링크)로 이동해 볼 수 있습니다.중국의 한반도 습격…\'큰일났다\'""남한 왔으면…"" 北 출신 리듬체조 코치 충격폭로술집 여주인 반격 ""고은 시인, 자위행위했다는데…""태극기 단 F-35 1호기… 한반도 스텔스기 전쟁""몹시 흥분"" 조민기가 보낸 낯뜨거운 사진 \'경악\'좋아요0훈훈해요0슬퍼요0화나요0후속기사 원해요0기사제공 :']"
9,삼성전자, 2018-03-0310:02,이데일리 ,"피에스케이, 해외수주 증가로 호실적 기대…주가도 활짝",https://finance.naver.com/news/news_read.nhn?article_id=0004047824&office_id=018&mode=search&query=삼성전자&page=1,"[""       피에스케이, 해외수주 증가로 호실적 기대…주가도 활짝      기사입력2018-03-03 10:02기사원문좋아요훈훈해요좋아요 평가하기공감좋아요0훈훈해요0슬퍼요0화나요0후속기사 원해요0댓글2월 조정장 중에도 주가 15.31% 상승“올해 영업익 783억원 전망…국내 매출 견고·해외 수주 증가”[이데일리 윤필호 기자] 피에스케이(031980)가 올해 해외수주 증가로 실적 개선세에 대한 기대감이 커지고 있다. 지존의 국내 삼성전자를 비롯해 미국 고객들도 투자를 확대할 것으로 보이며 중국 메모리 반도체 업체로부터 장비 발주를 받을 가능성이 높아졌기 때문이다.3일 마켓포인트에 따르면 세계 1위 건식제거(Dry Strip) 장비 제조업체인 피에스케이 주가는 실적 개선 기대감에 2월 들어 조정장이 한참이 가운데서도 15.31% 상승하며 선전했다.피에스케이는 작년 4분기 매출액과 영업이익이 각 651억원과 45억원을 기록했다. 이와 관련해 송명섭 하이투자증권 연구원은 “기존 전망치에 비해 매출은 상회, 영업이익은 하회한 것”이라면서도 “이익률 하락의 원인이 보수적 회계처리에 의한 판매보증비 반영과 일회성 상여금 지급이므로 우려할만한 사항은 아니다”고 판단했다. 투자의견은 매수를 유지하고 목표주가는 기존 3만4000원에서 3만6000원으로 상향조정했다.올해 국내 견고한 매출과 함께 해외 수주 증가에 따라 매출액과 영업이익은 각각 전년대비 23%, 35% 증가한 3390억원과 783억원에 달할 전망이다. 송 연구원은 “국내 고객사들의 3D 낸드(NAND) 투자 조기집행 여부에 따라 올해 실적이 전망치를 크게 상회할 가능성도 존재한다”면서 “신규 고객사들의 피에스케이의 건식제거 장비에 대한 발주가 크게 증가할 것으로 예상된다”고 말했다.특히 올해 상반기부터 중국 메모리 반도체 업체들로부터 장비 발주를 받을 가능성이 매우 높다는 분석이다. 그는 “중국 메모리 반도체 업체들의 장비 발주는 내년 이후에도 피에스케이의 실적개선에 큰 기여를 할 것”이라며 “올해는 기존 고객인 미국 낸드, 파운드리(Foundry) 업체들이 중국내 투자를 확대할 계획이며 일본 신규고객 역시 장비발주를 개시할 전망”이라고 설명했다.윤필호 (nothing@edaily.co.kr)▶ 암호(가상)화폐에 대한 모든 것!▶ 네이버 메인에서 ‘이데일리’ 구독하기▶ '이데일리'의 카톡 친구가 되어주세요~♥＜ⓒ종합 경제정보 미디어 이데일리 - 무단전재 & 재배포 금지＞이데일리 관련뉴스해당 언론사에서 선정하며 언론사 페이지(아웃링크)로 이동해 볼 수 있습니다.남궁연 성추행 추가 피해자 등장 같은 레퍼토리로 당해암호화폐, 투기로만 볼 순 없다... 가격 결정요인들WTO 이어 IMF까지..트럼프發 무역전쟁은 공멸제네바서 20년 만에 부활하는 BMW 8시리즈어느날 갑자기 시동이 걸리지 않는다면? 대처법은?좋아요0훈훈해요0슬퍼요0화나요0후속기사 원해요0기사제공 :""]"
10,삼성전자, 2018-03-0309:50,머니투데이 ,"美에서 온 악재에 주춤 코스피, 2400 힘겹게 수성",https://finance.naver.com/news/news_read.nhn?article_id=0004017765&office_id=008&mode=search&query=삼성전자&page=1,"['       美에서 온 악재에 주춤 코스피, 2400 힘겹게 수성      기사입력2018-03-03 09:50기사원문좋아요훈훈해요좋아요 평가하기공감좋아요0훈훈해요0슬퍼요0화나요0후속기사 원해요0댓글 [머니투데이 김훈남 기자] 2월 마지막주 이자 3월 첫째주(2월26일~3월2일) 코스피 지수는 미국발 악재가 국내 증시를 덮치며 2400선을 겨우 지켰다.3일 한국거래소에 따르면 지난 2일 코스피 지수는 전주대비 49.36포인트(2.01%) 내린 2402.16에 장을 마감했다. 도널드 트럼프 미국 대통령이 수입산 철강과 알루미늄에 각각 20%, 10%씩 관세를 매기는 방안을 승인할 예정이라는 소식이 알려지며 장중 한때 2400선을 내주기도 했다.외국인이 한 주동 안 2644억원어치를 내다팔았다. 반면 기관은 186억원어치 순매수에 그쳐 하락세가 이어진 것으로 나타났다. 같은 기간 개인은 3152억원어치 순매수를 보였다.외국인은 SK하이닉스를 1186억원어치 순매수하며 한 주 동안 가장 많이 사들인 것으로 집계됐다. 같은 기간 1722억원어치를 내다팔며 외국인 순매도 종목 1위에 오른 삼성전자와 대조적이다. SK하이닉스의 뒤를 이어 NAVER와 삼성바이오로직스, LG화학 등 시가총액 상위종목들을 주로 바구니에 담은 것으로 나타났다. 미국 정부의 철강 관세부과 영향에 노출된 POSCO는 432억원어치를 팔아 순매도 종목 3위에 올렸다.기관은 셀트리온을 1312억원어치 사들였다. 뒤를 이어 SK이노베이션과 S-OIL 등 고배당 정유업종을 각각 975억원, 728억원 사들여 순매도 상위에 이름을 올렸다. 현대중공업과 POSCO에도 442억원, 375억원어치 순매수가 나왔다.기관이 가장 많이 내놓은 종목은 삼성전자다. 630억원어치 순매도가 나왔다. 삼성전기 역시 536억원어치 순매도가 나오며 \'갤럭시 S9 효과\'를 찾아보기 어려웠다. 이번주 코스피 시장에서 가장 많이 오른 종목은 필룩스로 184.03% 상승했다. SG충방과 아세아제지도 각각 24%, 22.07% 상승하며 뒤를 이었다.가장 많이 하락한 종목은 경인전자로 20.82% 하락했다. 매각과 경영정상화 방안을 놓고 진통을 앓고 있는 금호타이어 역시 16.91% 하락하며 뒤를 이었다.▶빵~ 뜨는 따끈한 기사▶무료 만화 보고 선물도 받고~ ▶치어리더 vs 레이싱걸 김훈남 기자 hoo13@mt.co.kr 머니투데이 관련뉴스해당 언론사에서 선정하며 언론사 페이지(아웃링크)로 이동해 볼 수 있습니다.안신애, 글래머러스 \'태닝 여신\' 인증갤럭시S9 화질평가 역대 최고…""색정확도 완벽""한국GM 희망퇴직 2일까지…이후 \'인위적 정리해고\' 가능성도경찰 ""정용화 거짓말, 개별면접도 없어"" 검찰행[단독]이재명, 성남시장 사퇴…경기지사 출마로 지방선거 \'킥오프\'좋아요0훈훈해요0슬퍼요0화나요0후속기사 원해요0기사제공 :']"
11,삼성전자, 2018-03-0309:33,아시아경제 ,"봄 알리는 포근한 주말…백화점, 의류·골프용품 등 대폭 할인",https://finance.naver.com/news/news_read.nhn?article_id=0004190207&office_id=277&mode=search&query=삼성전자&page=1,"['       봄 알리는 포근한 주말…백화점, 의류·골프용품 등 대폭 할인      기사입력2018-03-03 09:33기사원문좋아요훈훈해요좋아요 평가하기공감좋아요0훈훈해요0슬퍼요0화나요0후속기사 원해요0댓글현대백화점 무역센터점 7층 시리즈 매장에서 직원들이 가죽재킷을 소개하고 있는 모습(사진=현대백화점 제공)[아시아경제 오종탁 기자] 포근한 주말을 맞아 주요 백화점이 의류, 골프용품 등을 대폭 할인한다. 롯데백화점 잠실점은 4일까지 골프쇼 행사를 통해 골프용품과 의류를 할인 판매한다. 골프클럽, 캐디백, 의류 등의 할인율이 최대 70%에 이른다. 잠실점은 이번 행사를 위해 총 30억원어치 물량을 준비했다. 20만원 이상 구매하는 고객에게는 구매액 5% 상당의 롯데상품권을 제공한다.구리점은 8일까지 코오롱스포츠 대전 행사를 연다. 바람막이 재킷, 패딩 재킷, 바지 등을 최대 60% 할인한다. 바람막이 재킷은 13만2000원, 패딩 재킷은 10만8000원, 티셔츠는 8만1000원, 워킹화는 15만6000원이다.현대백화점 압구정본점은 4일까지 이탈리아 브랜드 브리오니 패밀리세일을 진행한다. 셔츠, 타이, 재킷 등을 최초 판매가 대비 40~60% 싼 가격에 내놓는다. 대표 상품인 셔츠는 19만8000원, 타이는 14만8000원, 재킷은 147만원부터 살 수 있다.신촌점은 4일까지 지하 2층 대행사장에서 나이키 50% 대전을 연다. 나이키 의류와 신발을 최대 50% 할인 판매한다. 유아동화가 2만9500원, 런닝화는 6만9500원, 후드점퍼는 4만4500원이다.아울러 현대백화점은 11일까지 압구정본점 ·무역센터점 ·판교점 등 전국 15개 점포에서 남성 고객들을 위한 멘즈 스프링 페어를 이어간다. 행사에는 본 ·앤드지 ·레노마 등 15개 남성복 브랜드가 참여하며, 봄 대표 상품인 가죽재킷 ·청바지 ·수트 등 30여 품목을 선별해 최초 판매가 대비 10~50% 할인 판매한다. 신세계백화점은 11일까지 강남점 등에서 메이크업 팁을 알려주는 코스메틱 페어를 개최한다. 3일 맥, 4일 나스 전문가가 영등포점에서, 9일 강남점에서는 이브 생로랑 전문가가 나선다. 유튜브 구독자 140만명을 보유한 이사배의 메이크업 쇼도 11일 코엑스점에서 열린다.강남점은 공기청정기 특가전을 마련했다. 8일까지 다이슨, 발뮤다, 삼성전자, 블루에어 등 다양한 브랜드의 공기청정기를 15~30% 할인 판매한다.다이슨 공기청정선풍기가 69만8000원, 발뮤다 공기청정기는 49만9000원, 삼성 큐브 공기청정기는 206만원, 블루에어 공기청정기는 130만원이다.오종탁 기자 tak@asiae.co.kr▶ 네이버 홈에서 \'아시아경제\' 뉴스 확인하기▶ 양낙규의 \'군사이야기\' ▶ #아시아경제 페이스북아시아경제 관련뉴스해당 언론사에서 선정하며 언론사 페이지(아웃링크)로 이동해 볼 수 있습니다.중국의 한반도 습격…\'큰일났다\'""남한 왔으면…"" 北 출신 리듬체조 코치 충격폭로술집 여주인 반격 ""고은 시인, 자위행위했다는데…""태극기 단 F-35 1호기… 한반도 스텔스기 전쟁""몹시 흥분"" 조민기가 보낸 낯뜨거운 사진 \'경악\'좋아요0훈훈해요0슬퍼요0화나요0후속기사 원해요0기사제공 :']"
12,삼성전자, 2018-03-0308:05,뉴스1 ,"낸드값 6개월째 '정체'…서버용 D램은 ""없어서 못팔아""",https://finance.naver.com/news/news_read.nhn?article_id=0003237640&office_id=421&mode=search&query=삼성전자&page=1,"['       낸드값 6개월째 \'정체\'…서버용 D램은 ""없어서 못팔아""      기사입력2018-03-03 08:05기사원문좋아요훈훈해요좋아요 평가하기공감좋아요0훈훈해요0슬퍼요0화나요0후속기사 원해요0댓글2월 낸드 평균 거래가 5.60달러…6개월째 \'정체\'서버용 D램은 전월보다 1% 상승…1년만에 34% 올라낸드플래시, 서버용 D램 월별 고정거래가격 추이(자료=D램익스체인지) © News1 최수아 디자이너(서울=뉴스1) 주성호 기자 = 국내 반도체 시장의 \'양대 주축\' 중 하나인 낸드플래시 메모리 반도체 가격이 6개월째 제자리에 멈췄다. 1분기가 비수기인 점을 감안하더라도 정체기가 오래 지속되며 업계에서 낸드 시장의 성장에 대한 우려의 목소리가 제기되고 있다.반면 메모리 반도체의 또 다른 주축인 D램에서 서버용 제품의 가격은 고공행진을 거듭하고 있다. HP, 델, IBM 등 글로벌 기업들의 고사양 서버 채택으로 지난해 4분기 시장규모는 200억달러(약 21조6000억원)를 돌파했으며 인터넷 데이터센터(IDC) 증설에 따라 서버용 D램 제품 가격도 1년만에 34% 급증했다.3일 반도체 전문 시장조사기관 D램익스체인지에 따르면 지난 2월 낸드플래시(128Gb 16Gx8 MLC) 평균 고정거래가격은 5.60달러로 마감됐다. 지난해 9월에 전월 대비 3.11% 감소한 이후 6개월째 같은 가격을 유지했다.낸드플래시 제품 평균 기가비트(Gb)당 가격은 0.05달러를 기록했다. 지난해 3월 이후 11개월째 보합세를 이어갔다. 낸드플래시 가격 정체의 주된 원인은 공정 전환에 따른 수급 불안정이 일부 해소된 영향으로 분석된다.삼성전자, 도시바, SK하이닉스 등 주요 업체들이 2D에서 3D로 공정을 전환하는 과정에서 공급이 부족했으나 현재 공정전환이 안정화 단계에 접어들며 수급이 균형을 맞춰간다는 설명이다.공급부족이 완화될 경우 추가적인 가격 하락 등의 영향이 예상되기 때문에 반도체 업계에서는 낸드 성장세 둔화에 대한 우려도 제기되는 상황이다. 실제 지난해 3분기 낸드 시장규모는 152억달러로 전분기에 비해 14.6% 증가했지만 4분기에는 161억달러로 증가폭이 6.6%에 그쳤다.삼성전자의 4세대(64단) 256기가비트(Gb) 3bit 3D 낸드플래시(삼성전자 제공)/뉴스1 © News1업계 한 관계자는 ""수요가 큰 폭으로 줄어들지 않는 한 가격 하락도 제한적인 수준에서 관리가 가능할 것""이라며 ""주요 업체들도 이에 맞춰 대용량 고사양 제품 개발을 통한 수익성 강화를 꾀할 것""이라고 말했다.낸드플래시가 주춤하고 있는 동안에 D램 시장은 성장세를 계속 이어갔다. 특히 서버용 D램 제품의 가격 상승세가 두드러진다. D램익스체인지에 따르면 서버용 D램(DDR4 16GB RDIMM) 제품의 2월 평균 고정거래가격은 161달러로 전월에 비해 1.3% 올랐다.1년 전인 2017년 2월 평균 거래가격이 120달러인 것과 비교하면 34%나 증가한 수준이다. 제품 용량 기가비트(Gb)당 평균 가격도 지난 2월에 1.25달러로 전년 동기 0.94달러보다 33% 올랐다.이같은 서버용 D램 가격 상승세는 서버 업체들의 성장과 아마존, 페이스북 등 주요 ICT기업들의 데이터센터 수요 급증에 따른 영향으로 풀이된다.서버업체들의 성장도 눈에 띄었다. 시장조사기관 IDC에 따르면 지난해 4분기 전세계 서버업체들의 매출액은 206억달러로 전년 동기 대비 26.4% 증가했다. IDC는 ""아마존, 페이스북, 구글 같은 업계 리더들이 4분기에 데이터센터 증설과 개선을 통해 강한 수요를 이끌었다""고 밝혔다.삼성전자, SK하이닉스, 마이크론 등 서버용 D램 제조사들의 매출도 급성장했다. 현재 3개사가 과점하고 있는 서버용 D램 시장은 지난해 매출액 기준 197억달러(약 21조2661억원)에 달했다. 2016년 112억달러보다 75%나 급성장했다.시장점유율 기준으로 지난해 4분기 삼성전자가 46.2%로 1위를 차지했으며 SK하이닉스가 31.4%, 마이크론이 22.4%로 뒤를 이었다.sho218@▶ 네이버메인에 ‘뉴스1채널’ 설정하기!▶ 여러분의 제보를 기다립니다.제보하기!▶ [페이스북] 바로가기![© 뉴스1코리아(news1.kr), 무단 전재 및 재배포 금지]뉴스1 관련뉴스해당 언론사에서 선정하며 언론사 페이지(아웃링크)로 이동해 볼 수 있습니다.""살려줘야죠""…남궁연 측 성추행 폭로 여성 회유 정황""노래방 데려가 허벅지 만지고""…서울시 미투선언 잇따라바람 피워?…아내 중요부위 리모컨 넣은 50대불 난 차 안에서 여성 시신…차주는 자살빈 사무실서 출산후 영아 살해 유기한 미혼모좋아요0훈훈해요0슬퍼요0화나요0후속기사 원해요0기사제공 :']"
13,삼성전자, 2018-03-0306:01,연합뉴스 ,"'석방 한달째' 이재용, 현안보고 받으며 복귀시점 '고심'",https://finance.naver.com/news/news_read.nhn?article_id=0009933300&office_id=001&mode=search&query=삼성전자&page=1,"['       \'석방 한달째\' 이재용, 현안보고 받으며 복귀시점 \'고심\'      기사입력2018-03-03 06:01기사원문좋아요훈훈해요좋아요 평가하기공감좋아요0훈훈해요0슬퍼요0화나요0후속기사 원해요0댓글 잇단 검찰수사에 \'낮은 자세\' 유지…이사회 이어 주총도 참석 불투명(서울=연합뉴스) 이승관 기자 = 이재용 삼성전자 부회장이 항소심에서 집행유예를 받고 석방된 지 근 한달이 지났지만 여전히 경영일선 복귀 시점을 결정하지 못한 것으로 3일 알려졌다.    특히 검찰의 이른바 \'삼성 다스 소송비 대납 의혹\' 관련 수사가 이어지면서 이번 달에도 공식 일정을 잡기가 쉽지 않을 것으로 보여 \'낮은 자세\' 모드가 장기화할 공산이 크다는 관측이 나오고 있다.    복수의 삼성 계열사 임원은 이날 연합뉴스와의 전화통화에서 ""이 부회장이 오는 5일로 석방 한달째를 맞지만 현재로서는 향후 일정이 확정된 게 전혀 없다""면서 ""최근 분위기라면 이번달에도 이런 상황이 이어질 것 같다""고 말했다.    그러나 이 부회장은 최근 임원진으로부터 수시로 각종 현안에 대한 보고를 받고 있는 것으로 전해졌다.    최근 국내외 반도체·가전·모바일 업계의 상황은 물론 새로 진행되는 검찰 수사와 관련한 보고를 받으면서 상황을 파악하는 한편 향후 대응 방안을 고심하고 있다는 것이다.    재계에서는 삼성전자 사내 등기이사인 이 부회장이 지난달 23일 석방 후 처음 열린 이사회에 불참한 데 이어 오는 23일로 예정된 정기 주주총회에도 참석할 가능성이 크지 않다고 보고 있다.    일각에서는 그룹의 전신인 \'삼성상회\' 설립 80주년(3월 22일)에 첫 출근을 할 수도 있다는 전망을 내놓고 있으나 삼성전자는 아직 이와 관련한 별도의 이벤트를 계획하지 않고 있는 것으로 알려졌다.    재계 관계자는 ""이 부회장은 석방 후 한달간 여러 보고를 받으면서 구속수감 중에 신경을 써줬던 지인들을 직접 만나거나 전화로 감사 인사를 전했을 것으로 추정된다""면서 ""이건희 회장이 와병 중인 상황에서 공식 일정이 없다고 마냥 손 놓고 있었다고 보기는 힘들다""라고 말했다.    이 관계자는 ""다음달초 중국에서 열리는 \'보아오 포럼\' 참석을 통해 공식 일정을 재개할 가능성도 있지만 지금 같은 분위기에서는 어떤 행보도 부담스러울 수밖에 없을 것""이라고 덧붙였다.    humane@yna.co.kr▶기사제보 및 문의▶최신 유행 트렌드\xa0\xa0▶사진구매 문의연합뉴스 관련뉴스해당 언론사에서 선정하며 언론사 페이지(아웃링크)로 이동해 볼 수 있습니다.\xa0성폭행 피해 부부 극단적 선택…아내 숨지고 남편 중태\xa0전현무·한혜진 ""크리스마스에 곱창먹다가...""\xa0""앗,다른 환자네!""…엉뚱한 환자 두개골 열어 뇌수술\xa0제자 성추행 의혹 대학교수 목맸다가 병원서 치료 중\xa03ｍ짜리 비단뱀이 자신보다 무거운 사슴 통째로 삼켜좋아요0훈훈해요0슬퍼요0화나요0후속기사 원해요0기사제공 :']"
14,삼성전자, 2018-03-0306:00,뉴시스 ,[금주 뉴시스 포토③]삼성전자 부스에서 VR체험하는 관람객,https://finance.naver.com/news/news_read.nhn?article_id=0008467417&office_id=003&mode=search&query=삼성전자&page=1,"['       [금주 뉴시스 포토③]삼성전자 부스에서 VR체험하는 관람객      기사입력2018-03-03 06:00기사원문좋아요훈훈해요좋아요 평가하기공감좋아요0훈훈해요0슬퍼요0화나요0후속기사 원해요0댓글【바르셀로나(스페인)=뉴시스】 사진공동취재단 = 세계 최대 이동통신박람회 ‘모바일 월드 콩그레스 2018 (Mobile World Congress, MWC)\' 개막일인 26일(현지시간) 스페인 바르셀로나 피란 그란비아 전시장을 찾은 관람객들이 삼성전자 부스에서 VR체험을 하고 있다  2018.03.03. photo@newsis.com[사진 영상 제보받습니다] 공감언론 뉴시스가 독자 여러분의 소중한 제보를 기다립니다. 뉴스 가치나 화제성이 있다고 판단되는 사진 또는 영상을 뉴시스 사진영상부(n-photo@newsis.com, 02-721-7470)로 보내주시면 적극 반영하겠습니다.뉴시스 관련뉴스해당 언론사에서 선정하며 언론사 페이지(아웃링크)로 이동해 볼 수 있습니다.성추행 피해 위로한다며 또 몹쓸짓…전 육군 사단장 징역 6개월\'여친과 성관계 몰래 촬영\' 20대 집행유예…""깊이 반성 참작""""숨소리 거슬려"" 버스서 60대 노인 때려 숨지게 한 10대日, 평창올림픽 경기장 부근 소녀상도 ""철거하라"" 요구""후배랑 헤어지지 마""…여고생 감금하고 경찰 폭행까지좋아요0훈훈해요0슬퍼요0화나요0후속기사 원해요0기사제공 :']"
15,삼성전자, 2018-03-0306:00,연합뉴스 ,"주말 백화점, 봄 맞아 골프의류 등 최대 70% 할인 판매",https://finance.naver.com/news/news_read.nhn?article_id=0009933299&office_id=001&mode=search&query=삼성전자&page=1,"['       주말 백화점, 봄 맞아 골프의류 등 최대 70% 할인 판매      기사입력2018-03-03 06:00기사원문좋아요훈훈해요좋아요 평가하기공감좋아요0훈훈해요0슬퍼요0화나요0후속기사 원해요0댓글 (서울=연합뉴스) 박성진 기자 = 주말 주요 백화점은 야외 활동이 많아지는 봄을 맞아 골프의류와 용품, 스포츠 의류 등을 할인 판매한다.     봄마다 찾아오는 황사와 미세먼지를 대비할 수 있도록 공기청정기도 싸게 판다.◇ 롯데백화점 = 잠실점은 4일까지 골프용품과 의류를 할인 판매하는 골프쇼 행사를 한다.    골프클럽, 캐디백, 의류 등을 최대 70% 할인 판매한다. 잠실점은 이번 행사를 위해 총 30억원어치 물건을 준비했다고 밝혔다.    이 행사에서 20만원 이상 구매하는 고객에게는 구매액 5% 상당의 롯데상품권을 제공한다.     구리점은 8일까지 \'코오롱스포츠 대전\' 행사를 열고 바람막이 재킷, 패딩 재킷, 바지 등을 최대 60% 싸게 판다. 바람막이 재킷이 13만2천원, 패딩 재킷 10만8천원, 티셔츠 8만1천원, 워킹화 15만6천원이다.롯데백화점[연합뉴스 자료사진]◇ 현대백화점 = 압구정본점은 4일까지 이탈리아 브랜드 브리오니 패밀리세일을 한다.     셔츠와 타이, 재킷을 최초 판매가 대비 40∼60% 싼 가격에 내놓는다. 대표 상품인 셔츠는 19만8천원, 타이 14만8천원, 재킷은 147만원부터 살 수 있다.    신촌점은 4일까지 지하 2층 대행사장에서 \'나이키 50% 대전\'을 개최한다.     나이키 의류와 신발을 최대 50% 할인 판매한다. 유아동화가 2만9천500원, 런닝화 6만9천500원, 후드점퍼 4만4천500원이다.◇ 신세계백화점 = 11일까지 강남점 등에서 메이크업 팁을 알려주는 \'코스메틱 페어\'가 열린다.     3일 맥, 4일 나스 전문가가 영등포점에서, 9일 강남점에서는 이브 생로랑 전문가가 참가한다.    유튜브 구독자 140만 명을 보유한 이사배의 메이크업 쇼도 11일 코엑스점에서 열린다.     강남점은 공기청정기 특가전을 마련했다.    8일까지 다이슨, 발뮤다, 삼성전자, 블루에어 등 다양한 브랜드의 공기청정기를 15∼30% 할인 판매한다.     다이슨 공기청정선풍기가 69만8천원, 발뮤다 공기청정기 49만9천원, 삼성 큐브 공기청정기 206만원, 블루에어 공기청정기 130만원이다.    sungjinpark@yna.co.kr▶기사제보 및 문의▶최신 유행 트렌드\xa0\xa0▶사진구매 문의연합뉴스 관련뉴스해당 언론사에서 선정하며 언론사 페이지(아웃링크)로 이동해 볼 수 있습니다.\xa0정두언 ""대선 때 김윤옥 여사 큰 실수…각서 쓰고 무마""\xa0""협회 간부가 \'모텔에 가자\'"" 리듬체조 코치도 \'미투\'\xa0""인천공항서 강남까지 콜밴 요금이 137만원이라니""\xa0[단독] 남궁연 ""성추행 전혀 사실무근, 명예훼손 고소""\xa0\'제2의 쇠사슬 남매\' 4년간 박스에 방치된 세 아동좋아요0훈훈해요0슬퍼요0화나요0후속기사 원해요0기사제공 :']"
16,삼성전자, 2018-03-0305:01,조선비즈 ,"지난해 글로벌 기업 벤처투자 34조, 주로 AI·자동차…삼성 10위",https://finance.naver.com/news/news_read.nhn?article_id=0000400213&office_id=366&mode=search&query=삼성전자&page=1,"['       지난해 글로벌 기업 벤처투자 34조, 주로 AI·자동차…삼성 10위      기사입력2018-03-03 05:01기사원문좋아요훈훈해요좋아요 평가하기공감좋아요0훈훈해요0슬퍼요0화나요0후속기사 원해요0댓글 지난해 글로벌 기업주도형 벤처투자(CVC·Corporate VC) 투자금 총액이 역대 최대 규모를 기록했다. AI(인공지능), 오토테크(Auto Tech·자동차 기술) 분야 투자 규모가 크게 늘며 2016년보다 투자금 총액이 18% 증가했다.전체 벤처투자 중 CVC가 차지하는 비중(20%, 투자 건수 기준)도 계속 증가하는 추세다. 평균 투자 금액 규모는 CVC(2200만달러, 한화 240억원)가 일반 벤처 투자(1700만달러, 한화 184억원)보다 23% 컸다.가장 활발하게 활동한 CVC 회사는 구글 벤처스(GV)로 조사됐다. 삼성전자(005930)를 비롯한 삼성 그룹 계열사를 주요 주주로 둔 삼성벤처투자는 10위에 이름을 올렸다.◇ 총 투자금 규모 300억달러 돌파…AI 투자 81% 늘어2일 미국 스타트업 투자 분석 업체 CB인사이츠(CBInsights)에 따르면 지난해 CVC 투자금 총액은 312억달러(한화 33조8000억원)를 기록했다. 2015년(291억달러) 정점을 찍은 후 2016년(265억달러) 다소 주춤했던 투자금 규모가 지난해 다시 늘어 최초로 300억달러를 돌파했다. 투자 건수도 1791건으로 290건 늘었다.AI와 오토테크가 전체 투자금 규모 확대를 이끌었다. 2016년 21억달러(한화 2조2700억원)였던 AI 분야 투자금액이 지난해 38억달러(한화 4조1100억원)로 81% 불어난 것이다. 지난해 AI 스타트업에 투자한 글로벌 CVC 회사 수는 150개에 이른다.글로벌 CVC 투자 규모 추이. / CB인사이츠 리포트아시아 지역 AI 투자가 확연히 늘었다. 2016년 CVC AI 분야 투자에서 아시아 비중은 13%였으나 지난해 27%로 증가했다. 퀄컴벤처스, 인텔 캐피탈 등 반도체 기업 계열 CVC 회사들이 아시아 AI 기업에 적극적으로 투자했다.오토테크도 마찬가지다. 2016년 4억3100만달러(한화 4700억원)였던 CVC 투자금액이 지난해 19억달러(한화 2조500억원)로 급증했다. CVC 투자 건수도 2016년 21건에서 지난해 45건으로 114% 뛰었다.◇ GV 가장 활발하게 투자…삼성벤처투자 10위가장 활발하게 활동한 CVC 회사는 구글 벤처스(GV)였다. 지난해 투자 건수 70개를 넘겨 다른 CVC 회사를 압도했다. GV는 미국의 온라인 스토어 ‘브랜드리스(Brandless)’, AI를 활용해 암치료 기술을 개발하는 바이오 기업 ‘그릿스톤 온콜로지(Gritstone Oncology)’ 등에 투자했다.AI 반도체 기업 ‘호라이즌 로보틱스(Horizon Robotics)’ 등에 투자한 인텔 캐피탈이 두 번째, 세일즈포스 벤처스가 세 번째로 이름을 올렸고, 퀄컴 벤처스(4위), GE 벤처스(5위)가 뒤를 이었다.한국 업체 중에선 삼성벤처투자가 중국 푸싱(復星·FOSUN)그룹 계열 CVC 회사인 푸싱 RZ 캐피털(8위)이어 10위에 이름을 올렸다. 삼성벤처투자의 2016년 순위는 17위였다.지난해 가장 활발하게 활동한 글로벌 CVC 회사들. / CB인사이츠 리포트삼성벤처투자는 지난해 AI 메모리 기술을 가진 디파이테크(DeePhi Tech) 등 AI 분야 스타트업에 적극적으로 투자했다. 삼성이 지난해 삼성벤처투자, 삼성넥스트, 삼성카탈리스트, 삼성오토모티브를 통해 투자한 AI 관련 회사는 10개 이상인 것으로 알려진다. 삼성벤처투자는 지난해 LG디스플레이와 함께 열활성화지연형광(TADF) 소재 기업 ‘사이노라(CYNORA)’에 투자하기도 했다.[박원익 기자 wipark@chosunbiz.com]chosunbiz.com조선비즈 관련뉴스해당 언론사에서 선정하며 언론사 페이지(아웃링크)로 이동해 볼 수 있습니다.재건축 규제에… 도리어 강남 집값 더 뛴다?""영미는 비행기표 공짜"" 항공사, 깜짝 이벤트부동산 가치만 1조원…\'땅 부자\' 기업은 어디?게임 아이템 가격이 무려 \'60억\'""내가 미쳤지…"" 땅 치고 후회하는 증권맨들좋아요0훈훈해요0슬퍼요0화나요0후속기사 원해요0기사제공 :']"
17,삼성전자, 2018-03-0303:36,서울신문 ,화웨이 매서운 ‘5G 굴기’,https://finance.naver.com/news/news_read.nhn?article_id=0002897053&office_id=081&mode=search&query=삼성전자&page=1,"['       화웨이 매서운 ‘5G 굴기’      기사입력2018-03-03 03:36기사원문좋아요훈훈해요좋아요 평가하기공감좋아요0훈훈해요0슬퍼요0화나요0후속기사 원해요0댓글 [서울신문]중국 화웨이가 세계 최대 모바일 전시회 ‘MWC 2018’ 부대행사인 ‘MWC 글로모 어워즈’(Global Mobile Awards)에서 8관왕에 올랐다. 화웨이는 ‘최고 모바일 네트워크 인프라스트럭처’, ‘최고 모바일 기술 혁신’, ‘최고 네트워크 소프트웨어 혁신’ 등 8개 부문에서 수상해 가장 많은 상을 받았다. 5세대(5G) 이동통신 기술에서 앞서 갔다는 평가다. 화웨이는 이번 MWC에서 메인 스폰서로 참가했으며 5G 장비와 솔루션을 집중 전시해 기술력을 과시했다.삼성전자는 이번 MWC 최대 화제작 중 하나였던 갤럭시S9플러스가 ‘최고 커넥티드 모바일기기’ 상을 받은 것을 비롯해 ‘최고 모바일 가상현실(VR)·증강현실(AR) 기기’(기어VR), ‘페이먼트 분야 최고 모바일 혁신’(삼성페이) 등 3관왕을 차지했다.애플은 MWC에 참가하지 않았지만 아이폰X과 트루뎁스 카메라로 ‘2017 최고 스마트폰’과 ‘파괴적 디바이스 혁신상’을 각각 받았다. SK텔레콤(기업용 모바일서비스 혁신상)과 KT(헬스 분야 최고 모바일 혁신상)도 상을 받았다. SK텔레콤은 라이브케어 서비스로 ‘기업용 모바일서비스 혁신상’, KT는 디지털헬스케어 솔루션 및 플랫폼(m-Hospital)으로 ‘헬스 분야 최고 모바일 혁신상’을 각각 받았다. 글로모 어워즈는 세계이동통신사업자협의회(GSMA)가 주최한다. 이동통신 전문가, 애널리스트, 전문기자로 구성된 심사위원단이 해마다 분야별 수상자를 선정하는 이동통신 분야 최고 권위의 상이다.이재연 기자 oscal@seoul.co.kr▶  재미있는 세상[나우뉴스] ▶ [인기 무료만화] [페이스북]ⓒ 서울신문(www.seoul.co.kr), 무단전재 및 재배포금지서울신문 관련뉴스해당 언론사에서 선정하며 언론사 페이지(아웃링크)로 이동해 볼 수 있습니다.정봉주 ""김윤옥 여사의 엄청난 실수는 이것""""김윤옥 여사, 정신나간 일 해...각서받은 이들 찾아와""명지전문대 연극학과 男교수진 전원 성추문 연루\'어촌계 가입비 5천만원\'···""해적질""vs""보상 귀어""\'일당 13만원\'에도 못 구하는 알바생...이유는좋아요0훈훈해요0슬퍼요0화나요0후속기사 원해요0기사제공 :']"
18,삼성전자, 2018-03-0303:03,동아일보 ,"LG전자, 모든 사무직 週40시간 근무",https://finance.naver.com/news/news_read.nhn?article_id=0003131581&office_id=020&mode=search&query=삼성전자&page=1,"['       LG전자, 모든 사무직 週40시간 근무      기사입력2018-03-03 03:03기사원문좋아요훈훈해요좋아요 평가하기공감좋아요0훈훈해요0슬퍼요0화나요0후속기사 원해요0댓글 [동아일보]7월 근로시간 단축 앞서 시범운영하루 근무는 4∼12시간 범위 자율LG전자가 지난달 26일부터 사무직을 대상으로 주당 40시간 근로 시범 운영에 돌입했다. 재계 4대 그룹 중 주 40시간 근로 시범 운영에 들어간 것은 LG전자가 처음이다.  2일 LG전자에 따르면 LG전자는 지난달 26일부터 전 사무직을 대상으로 주 40시간 근무 시범 운영을 시작했다. 근로기준법 개정에 따라 300인 이상 기업은 7월 1일부터 주 52시간 근무를 도입해야 하는데 이에 대비하기 위한 방침으로 주 40시간 카드를 꺼낸 것이다. 연장 근무 없이 월요일부터 금요일까지 하루 8시간 근무를 기준으로 40시간을 정했다. 삼성전자 SK하이닉스 등은 주 52시간 근무를 시범 운영하고 있다.  LG전자 관계자는 “법적 기준인 52시간보다 더 타이트하게 근로시간을 정해 운영함으로써 실전에 돌입했을 때의 시행착오를 줄이자는 차원이다. 주 40시간 시범 운영을 통해 발견되는 문제점을 파악해 시스템 개선 등에 반영할 예정”이라고 말했다.  주 40시간 근로 도입에 따라 근무시간을 더 엄격하게 관리할 수 있는 사내 시스템 개편도 함께 이루어졌다. 직원들은 사내 홈페이지에 출퇴근시간을 입력하고 점심시간이나 휴식시간을 입력하면 하루 근무시간이 자동으로 계산된다. 아직 시범 운영 단계이기 때문에 주 40시간을 초과해 근무했을 때 인사팀에 따로 소명해야 하거나 의무적으로 휴가를 써야 하는 등의 제도는 도입되진 않았다. LG전자는 하루 근로시간은 직원들이 자신의 업무 상황에 따라 자유롭게 정할 수 있도록 했다. 하루 최소 4시간∼최대 12시간 근무시간 안에서 일하되 주 40시간만 넘지 않으면 된다.  사무직까지 주 40시간 근로를 도입하면서 LG전자는 생산직과 사무직 모두 주 52시간 이내 근무를 시범 운영하게 됐다. LG전자는 지난달 초부터 전 생산직에 주 52시간 근무를 도입한 바 있다.김재희 기자 jetti@donga.com▶ 동아일보 단독 / 동아일보 공식 페이스북▶ 핫한 경제 이슈와 재테크 방법 총집결(클릭!)ⓒ 동아일보 & donga.com, 무단 전재 및 재배포 금지동아일보 관련뉴스해당 언론사에서 선정하며 언론사 페이지(아웃링크)로 이동해 볼 수 있습니다.전현무♥한혜진 \'나혼자산다\' ""오늘 시청률 폭발""카톡 인기1위 이모티콘 日작가 ""모르게쒀요, 왜 이렇게 사랑받는지""온라인서 \'핫\'한 여자 모델, 정체 알고나면 기절할 걸?백악관 \'문고리 권력\' 힉스 공보국장 사임소총 들고… 총알 왕관 쓰고… 美교회 합동결혼식 논란좋아요0훈훈해요0슬퍼요0화나요0후속기사 원해요0기사제공 :']"
